Logical Entity,Physical HANA Table,Column,Data Type,Primary Key,Nullable,Default,Relationship / Target,Business Purpose,Owner,Retention,CDS / Model Source,Database Evidence
BugService.AiSuggestions (draft),BugService_AiSuggestions_drafts,ID,NVARCHAR(36),YES,NO,,,CAP draft persistence for AI suggestion review data exposed through BugService.,CAP runtime / DonHV technical governance,"Temporary draft lifecycle; removed by activation, cancellation or draft cleanup.",srv/service.cds: BugService.AiSuggestions with @odata.draft.enabled,Production-style cds build --production artifact BugService.AiSuggestions_drafts.hdbtable; reconciled with sanitized live HANA metadata in hana-production-readback-20260803.md.
BugService.AiSuggestions (draft),BugService_AiSuggestions_drafts,createdAt,TIMESTAMP,NO,YES,,,CAP draft persistence for AI suggestion review data exposed through BugService.,CAP runtime / DonHV technical governance,"Temporary draft lifecycle; removed by activation, cancellation or draft cleanup.",srv/service.cds: BugService.AiSuggestions with @odata.draft.enabled,Production-style cds build --production artifact BugService.AiSuggestions_drafts.hdbtable; reconciled with sanitized live HANA metadata in hana-production-readback-20260803.md.
BugService.AiSuggestions (draft),BugService_AiSuggestions_drafts,modifiedAt,TIMESTAMP,NO,YES,,,CAP draft persistence for AI suggestion review data exposed through BugService.,CAP runtime / DonHV technical governance,"Temporary draft lifecycle; removed by activation, cancellation or draft cleanup.",srv/service.cds: BugService.AiSuggestions with @odata.draft.enabled,Production-style cds build --production artifact BugService.AiSuggestions_drafts.hdbtable; reconciled with sanitized live HANA metadata in hana-production-readback-20260803.md.
BugService.AiSuggestions (draft),BugService_AiSuggestions_drafts,bug_ID,NVARCHAR(36),NO,YES,,idts.cap.Bugs.ID,CAP draft persistence for AI suggestion review data exposed through BugService.,CAP runtime / DonHV technical governance,"Temporary draft lifecycle; removed by activation, cancellation or draft cleanup.",srv/service.cds: BugService.AiSuggestions with @odata.draft.enabled,Production-style cds build --production artifact BugService.AiSuggestions_drafts.hdbtable; reconciled with sanitized live HANA metadata in hana-production-readback-20260803.md.
BugService.AiSuggestions (draft),BugService_AiSuggestions_drafts,featureType_code,NVARCHAR(40),NO,YES,,idts.cap.AiSuggestionFeatureTypes.code,CAP draft persistence for AI suggestion review data exposed through BugService.,CAP runtime / DonHV technical governance,"Temporary draft lifecycle; removed by activation, cancellation or draft cleanup.",srv/service.cds: BugService.AiSuggestions with @odata.draft.enabled,Production-style cds build --production artifact BugService.AiSuggestions_drafts.hdbtable; reconciled with sanitized live HANA metadata in hana-production-readback-20260803.md.
BugService.AiSuggestions (draft),BugService_AiSuggestions_drafts,featureTypeName,NVARCHAR(120),NO,YES,,,CAP draft persistence for AI suggestion review data exposed through BugService.,CAP runtime / DonHV technical governance,"Temporary draft lifecycle; removed by activation, cancellation or draft cleanup.",srv/service.cds: BugService.AiSuggestions with @odata.draft.enabled,Production-style cds build --production artifact BugService.AiSuggestions_drafts.hdbtable; reconciled with sanitized live HANA metadata in hana-production-readback-20260803.md.
BugService.AiSuggestions (draft),BugService_AiSuggestions_drafts,requestedBy_ID,NVARCHAR(36),NO,YES,,idts.cap.Users.ID,CAP draft persistence for AI suggestion review data exposed through BugService.,CAP runtime / DonHV technical governance,"Temporary draft lifecycle; removed by activation, cancellation or draft cleanup.",srv/service.cds: BugService.AiSuggestions with @odata.draft.enabled,Production-style cds build --production artifact BugService.AiSuggestions_drafts.hdbtable; reconciled with sanitized live HANA metadata in hana-production-readback-20260803.md.
BugService.AiSuggestions (draft),BugService_AiSuggestions_drafts,requestedByDisplayName,NVARCHAR(120),NO,YES,,,CAP draft persistence for AI suggestion review data exposed through BugService.,CAP runtime / DonHV technical governance,"Temporary draft lifecycle; removed by activation, cancellation or draft cleanup.",srv/service.cds: BugService.AiSuggestions with @odata.draft.enabled,Production-style cds build --production artifact BugService.AiSuggestions_drafts.hdbtable; reconciled with sanitized live HANA metadata in hana-production-readback-20260803.md.
BugService.AiSuggestions (draft),BugService_AiSuggestions_drafts,providerAlias,NVARCHAR(80),NO,YES,,,CAP draft persistence for AI suggestion review data exposed through BugService.,CAP runtime / DonHV technical governance,"Temporary draft lifecycle; removed by activation, cancellation or draft cleanup.",srv/service.cds: BugService.AiSuggestions with @odata.draft.enabled,Production-style cds build --production artifact BugService.AiSuggestions_drafts.hdbtable; reconciled with sanitized live HANA metadata in hana-production-readback-20260803.md.
BugService.AiSuggestions (draft),BugService_AiSuggestions_drafts,modelAlias,NVARCHAR(80),NO,YES,,,CAP draft persistence for AI suggestion review data exposed through BugService.,CAP runtime / DonHV technical governance,"Temporary draft lifecycle; removed by activation, cancellation or draft cleanup.",srv/service.cds: BugService.AiSuggestions with @odata.draft.enabled,Production-style cds build --production artifact BugService.AiSuggestions_drafts.hdbtable; reconciled with sanitized live HANA metadata in hana-production-readback-20260803.md.
BugService.AiSuggestions (draft),BugService_AiSuggestions_drafts,operationStatus,NVARCHAR(40),NO,YES,,,CAP draft persistence for AI suggestion review data exposed through BugService.,CAP runtime / DonHV technical governance,"Temporary draft lifecycle; removed by activation, cancellation or draft cleanup.",srv/service.cds: BugService.AiSuggestions with @odata.draft.enabled,Production-style cds build --production artifact BugService.AiSuggestions_drafts.hdbtable; reconciled with sanitized live HANA metadata in hana-production-readback-20260803.md.
BugService.AiSuggestions (draft),BugService_AiSuggestions_drafts,latencyMs,INTEGER,NO,YES,,,CAP draft persistence for AI suggestion review data exposed through BugService.,CAP runtime / DonHV technical governance,"Temporary draft lifecycle; removed by activation, cancellation or draft cleanup.",srv/service.cds: BugService.AiSuggestions with @odata.draft.enabled,Production-style cds build --production artifact BugService.AiSuggestions_drafts.hdbtable; reconciled with sanitized live HANA metadata in hana-production-readback-20260803.md.
BugService.AiSuggestions (draft),BugService_AiSuggestions_drafts,confidence,"DECIMAL(5, 4)",NO,YES,,,CAP draft persistence for AI suggestion review data exposed through BugService.,CAP runtime / DonHV technical governance,"Temporary draft lifecycle; removed by activation, cancellation or draft cleanup.",srv/service.cds: BugService.AiSuggestions with @odata.draft.enabled,Production-style cds build --production artifact BugService.AiSuggestions_drafts.hdbtable; reconciled with sanitized live HANA metadata in hana-production-readback-20260803.md.
BugService.AiSuggestions (draft),BugService_AiSuggestions_drafts,suggestionPayload,NCLOB,NO,YES,,,CAP draft persistence for AI suggestion review data exposed through BugService.,CAP runtime / DonHV technical governance,"Temporary draft lifecycle; removed by activation, cancellation or draft cleanup.",srv/service.cds: BugService.AiSuggestions with @odata.draft.enabled,Production-style cds build --production artifact BugService.AiSuggestions_drafts.hdbtable; reconciled with sanitized live HANA metadata in hana-production-readback-20260803.md.
BugService.AiSuggestions (draft),BugService_AiSuggestions_drafts,summary,NVARCHAR(500),NO,YES,,,CAP draft persistence for AI suggestion review data exposed through BugService.,CAP runtime / DonHV technical governance,"Temporary draft lifecycle; removed by activation, cancellation or draft cleanup.",srv/service.cds: BugService.AiSuggestions with @odata.draft.enabled,Production-style cds build --production artifact BugService.AiSuggestions_drafts.hdbtable; reconciled with sanitized live HANA metadata in hana-production-readback-20260803.md.
BugService.AiSuggestions (draft),BugService_AiSuggestions_drafts,reviewState_code,NVARCHAR(40),NO,YES,,idts.cap.AiSuggestionReviewStates.code,CAP draft persistence for AI suggestion review data exposed through BugService.,CAP runtime / DonHV technical governance,"Temporary draft lifecycle; removed by activation, cancellation or draft cleanup.",srv/service.cds: BugService.AiSuggestions with @odata.draft.enabled,Production-style cds build --production artifact BugService.AiSuggestions_drafts.hdbtable; reconciled with sanitized live HANA metadata in hana-production-readback-20260803.md.
BugService.AiSuggestions (draft),BugService_AiSuggestions_drafts,reviewStateName,NVARCHAR(120),NO,YES,,,CAP draft persistence for AI suggestion review data exposed through BugService.,CAP runtime / DonHV technical governance,"Temporary draft lifecycle; removed by activation, cancellation or draft cleanup.",srv/service.cds: BugService.AiSuggestions with @odata.draft.enabled,Production-style cds build --production artifact BugService.AiSuggestions_drafts.hdbtable; reconciled with sanitized live HANA metadata in hana-production-readback-20260803.md.
BugService.AiSuggestions (draft),BugService_AiSuggestions_drafts,reviewedBy_ID,NVARCHAR(36),NO,YES,,idts.cap.Users.ID,CAP draft persistence for AI suggestion review data exposed through BugService.,CAP runtime / DonHV technical governance,"Temporary draft lifecycle; removed by activation, cancellation or draft cleanup.",srv/service.cds: BugService.AiSuggestions with @odata.draft.enabled,Production-style cds build --production artifact BugService.AiSuggestions_drafts.hdbtable; reconciled with sanitized live HANA metadata in hana-production-readback-20260803.md.
BugService.AiSuggestions (draft),BugService_AiSuggestions_drafts,reviewedByDisplayName,NVARCHAR(120),NO,YES,,,CAP draft persistence for AI suggestion review data exposed through BugService.,CAP runtime / DonHV technical governance,"Temporary draft lifecycle; removed by activation, cancellation or draft cleanup.",srv/service.cds: BugService.AiSuggestions with @odata.draft.enabled,Production-style cds build --production artifact BugService.AiSuggestions_drafts.hdbtable; reconciled with sanitized live HANA metadata in hana-production-readback-20260803.md.
BugService.AiSuggestions (draft),BugService_AiSuggestions_drafts,reviewedAt,TIMESTAMP,NO,YES,,,CAP draft persistence for AI suggestion review data exposed through BugService.,CAP runtime / DonHV technical governance,"Temporary draft lifecycle; removed by activation, cancellation or draft cleanup.",srv/service.cds: BugService.AiSuggestions with @odata.draft.enabled,Production-style cds build --production artifact BugService.AiSuggestions_drafts.hdbtable; reconciled with sanitized live HANA metadata in hana-production-readback-20260803.md.
BugService.AiSuggestions (draft),BugService_AiSuggestions_drafts,expiresAt,TIMESTAMP,NO,YES,,,CAP draft persistence for AI suggestion review data exposed through BugService.,CAP runtime / DonHV technical governance,"Temporary draft lifecycle; removed by activation, cancellation or draft cleanup.",srv/service.cds: BugService.AiSuggestions with @odata.draft.enabled,Production-style cds build --production artifact BugService.AiSuggestions_drafts.hdbtable; reconciled with sanitized live HANA metadata in hana-production-readback-20260803.md.
BugService.AiSuggestions (draft),BugService_AiSuggestions_drafts,correlationId,NVARCHAR(80),NO,YES,,,CAP draft persistence for AI suggestion review data exposed through BugService.,CAP runtime / DonHV technical governance,"Temporary draft lifecycle; removed by activation, cancellation or draft cleanup.",srv/service.cds: BugService.AiSuggestions with @odata.draft.enabled,Production-style cds build --production artifact BugService.AiSuggestions_drafts.hdbtable; reconciled with sanitized live HANA metadata in hana-production-readback-20260803.md.
BugService.AiSuggestions (draft),BugService_AiSuggestions_drafts,IsActiveEntity,BOOLEAN,NO,YES,,,CAP draft persistence for AI suggestion review data exposed through BugService.,CAP runtime / DonHV technical governance,"Temporary draft lifecycle; removed by activation, cancellation or draft cleanup.",srv/service.cds: BugService.AiSuggestions with @odata.draft.enabled,Production-style cds build --production artifact BugService.AiSuggestions_drafts.hdbtable; reconciled with sanitized live HANA metadata in hana-production-readback-20260803.md.
BugService.AiSuggestions (draft),BugService_AiSuggestions_drafts,HasActiveEntity,BOOLEAN,NO,YES,,,CAP draft persistence for AI suggestion review data exposed through BugService.,CAP runtime / DonHV technical governance,"Temporary draft lifecycle; removed by activation, cancellation or draft cleanup.",srv/service.cds: BugService.AiSuggestions with @odata.draft.enabled,Production-style cds build --production artifact BugService.AiSuggestions_drafts.hdbtable; reconciled with sanitized live HANA metadata in hana-production-readback-20260803.md.
BugService.AiSuggestions (draft),BugService_AiSuggestions_drafts,HasDraftEntity,BOOLEAN,NO,YES,,,CAP draft persistence for AI suggestion review data exposed through BugService.,CAP runtime / DonHV technical governance,"Temporary draft lifecycle; removed by activation, cancellation or draft cleanup.",srv/service.cds: BugService.AiSuggestions with @odata.draft.enabled,Production-style cds build --production artifact BugService.AiSuggestions_drafts.hdbtable; reconciled with sanitized live HANA metadata in hana-production-readback-20260803.md.
BugService.AiSuggestions (draft),BugService_AiSuggestions_drafts,DraftAdministrativeData_DraftUUID,NVARCHAR(36),NO,NO,,DRAFT.DraftAdministrativeData.DraftUUID,CAP draft persistence for AI suggestion review data exposed through BugService.,CAP runtime / DonHV technical governance,"Temporary draft lifecycle; removed by activation, cancellation or draft cleanup.",srv/service.cds: BugService.AiSuggestions with @odata.draft.enabled,Production-style cds build --production artifact BugService.AiSuggestions_drafts.hdbtable; reconciled with sanitized live HANA metadata in hana-production-readback-20260803.md.
BugService.AssignableDevelopers,BugService_AssignableDevelopers,ID,NVARCHAR(36),YES,NO,,,Service helper entity calculated by a custom READ handler for assignment value help; current build persists an artifact because @cds.persistence.skip is absent.,CAP runtime / DonHV technical governance,Project lifecycle or until an authorized retention/deletion rule applies.,srv/service.cds: BugService.AssignableDevelopers,Production-style cds build --production artifact BugService.AssignableDevelopers.hdbtable; reconciled with sanitized live HANA metadata in hana-production-readback-20260803.md.
BugService.AssignableDevelopers,BugService_AssignableDevelopers,developerProfileID,NVARCHAR(36),NO,YES,,,Service helper entity calculated by a custom READ handler for assignment value help; current build persists an artifact because @cds.persistence.skip is absent.,CAP runtime / DonHV technical governance,Project lifecycle or until an authorized retention/deletion rule applies.,srv/service.cds: BugService.AssignableDevelopers,Production-style cds build --production artifact BugService.AssignableDevelopers.hdbtable; reconciled with sanitized live HANA metadata in hana-production-readback-20260803.md.
BugService.AssignableDevelopers,BugService_AssignableDevelopers,componentCategoryID,NVARCHAR(36),NO,YES,,,Service helper entity calculated by a custom READ handler for assignment value help; current build persists an artifact because @cds.persistence.skip is absent.,CAP runtime / DonHV technical governance,Project lifecycle or until an authorized retention/deletion rule applies.,srv/service.cds: BugService.AssignableDevelopers,Production-style cds build --production artifact BugService.AssignableDevelopers.hdbtable; reconciled with sanitized live HANA metadata in hana-production-readback-20260803.md.
BugService.AssignableDevelopers,BugService_AssignableDevelopers,sapModuleID,NVARCHAR(36),NO,YES,,,Service helper entity calculated by a custom READ handler for assignment value help; current build persists an artifact because @cds.persistence.skip is absent.,CAP runtime / DonHV technical governance,Project lifecycle or until an authorized retention/deletion rule applies.,srv/service.cds: BugService.AssignableDevelopers,Production-style cds build --production artifact BugService.AssignableDevelopers.hdbtable; reconciled with sanitized live HANA metadata in hana-production-readback-20260803.md.
BugService.AssignableDevelopers,BugService_AssignableDevelopers,developerName,NVARCHAR(120),NO,YES,,,Service helper entity calculated by a custom READ handler for assignment value help; current build persists an artifact because @cds.persistence.skip is absent.,CAP runtime / DonHV technical governance,Project lifecycle or until an authorized retention/deletion rule applies.,srv/service.cds: BugService.AssignableDevelopers,Production-style cds build --production artifact BugService.AssignableDevelopers.hdbtable; reconciled with sanitized live HANA metadata in hana-production-readback-20260803.md.
BugService.AssignableDevelopers,BugService_AssignableDevelopers,developerEmail,NVARCHAR(255),NO,YES,,,Service helper entity calculated by a custom READ handler for assignment value help; current build persists an artifact because @cds.persistence.skip is absent.,CAP runtime / DonHV technical governance,Project lifecycle or until an authorized retention/deletion rule applies.,srv/service.cds: BugService.AssignableDevelopers,Production-style cds build --production artifact BugService.AssignableDevelopers.hdbtable; reconciled with sanitized live HANA metadata in hana-production-readback-20260803.md.
BugService.AssignableDevelopers,BugService_AssignableDevelopers,availabilityStatusName,NVARCHAR(120),NO,YES,,,Service helper entity calculated by a custom READ handler for assignment value help; current build persists an artifact because @cds.persistence.skip is absent.,CAP runtime / DonHV technical governance,Project lifecycle or until an authorized retention/deletion rule applies.,srv/service.cds: BugService.AssignableDevelopers,Production-style cds build --production artifact BugService.AssignableDevelopers.hdbtable; reconciled with sanitized live HANA metadata in hana-production-readback-20260803.md.
BugService.AssignableDevelopers,BugService_AssignableDevelopers,availabilityCriticality,INTEGER,NO,YES,,,Service helper entity calculated by a custom READ handler for assignment value help; current build persists an artifact because @cds.persistence.skip is absent.,CAP runtime / DonHV technical governance,Project lifecycle or until an authorized retention/deletion rule applies.,srv/service.cds: BugService.AssignableDevelopers,Production-style cds build --production artifact BugService.AssignableDevelopers.hdbtable; reconciled with sanitized live HANA metadata in hana-production-readback-20260803.md.
BugService.AssignableDevelopers,BugService_AssignableDevelopers,applicationComponentName,NVARCHAR(120),NO,YES,,,Service helper entity calculated by a custom READ handler for assignment value help; current build persists an artifact because @cds.persistence.skip is absent.,CAP runtime / DonHV technical governance,Project lifecycle or until an authorized retention/deletion rule applies.,srv/service.cds: BugService.AssignableDevelopers,Production-style cds build --production artifact BugService.AssignableDevelopers.hdbtable; reconciled with sanitized live HANA metadata in hana-production-readback-20260803.md.
BugService.AssignableDevelopers,BugService_AssignableDevelopers,defectCategoryName,NVARCHAR(120),NO,YES,,,Service helper entity calculated by a custom READ handler for assignment value help; current build persists an artifact because @cds.persistence.skip is absent.,CAP runtime / DonHV technical governance,Project lifecycle or until an authorized retention/deletion rule applies.,srv/service.cds: BugService.AssignableDevelopers,Production-style cds build --production artifact BugService.AssignableDevelopers.hdbtable; reconciled with sanitized live HANA metadata in hana-production-readback-20260803.md.
BugService.AssignableDevelopers,BugService_AssignableDevelopers,sapModuleName,NVARCHAR(120),NO,YES,,,Service helper entity calculated by a custom READ handler for assignment value help; current build persists an artifact because @cds.persistence.skip is absent.,CAP runtime / DonHV technical governance,Project lifecycle or until an authorized retention/deletion rule applies.,srv/service.cds: BugService.AssignableDevelopers,Production-style cds build --production artifact BugService.AssignableDevelopers.hdbtable; reconciled with sanitized live HANA metadata in hana-production-readback-20260803.md.
BugService.AssignableDevelopers,BugService_AssignableDevelopers,responsibilityLevelName,NVARCHAR(120),NO,YES,,,Service helper entity calculated by a custom READ handler for assignment value help; current build persists an artifact because @cds.persistence.skip is absent.,CAP runtime / DonHV technical governance,Project lifecycle or until an authorized retention/deletion rule applies.,srv/service.cds: BugService.AssignableDevelopers,Production-style cds build --production artifact BugService.AssignableDevelopers.hdbtable; reconciled with sanitized live HANA metadata in hana-production-readback-20260803.md.
BugService.AssignableDevelopers,BugService_AssignableDevelopers,active,BOOLEAN,NO,YES,,,Service helper entity calculated by a custom READ handler for assignment value help; current build persists an artifact because @cds.persistence.skip is absent.,CAP runtime / DonHV technical governance,Project lifecycle or until an authorized retention/deletion rule applies.,srv/service.cds: BugService.AssignableDevelopers,Production-style cds build --production artifact BugService.AssignableDevelopers.hdbtable; reconciled with sanitized live HANA metadata in hana-production-readback-20260803.md.
BugService.Bugs.attachments (draft),BugService_Bugs_attachments_drafts,up__ID,NVARCHAR(36),YES,NO,,idts.cap.Bugs.ID,CAP draft persistence for attachment metadata linked to a draft Bug.,CAP runtime / DonHV technical governance,"Temporary draft lifecycle; removed by activation, cancellation or draft cleanup.",srv/service.cds + db/schema.cds + @cap-js/attachments draft compilation,Production-style cds build --production artifact BugService.Bugs_attachments_drafts.hdbtable; reconciled with sanitized live HANA metadata in hana-production-readback-20260803.md.
BugService.Bugs.attachments (draft),BugService_Bugs_attachments_drafts,ID,NVARCHAR(36),YES,NO,,,CAP draft persistence for attachment metadata linked to a draft Bug.,CAP runtime / DonHV technical governance,"Temporary draft lifecycle; removed by activation, cancellation or draft cleanup.",srv/service.cds + db/schema.cds + @cap-js/attachments draft compilation,Production-style cds build --production artifact BugService.Bugs_attachments_drafts.hdbtable; reconciled with sanitized live HANA metadata in hana-production-readback-20260803.md.
BugService.Bugs.attachments (draft),BugService_Bugs_attachments_drafts,createdAt,TIMESTAMP,NO,YES,,,CAP draft persistence for attachment metadata linked to a draft Bug.,CAP runtime / DonHV technical governance,"Temporary draft lifecycle; removed by activation, cancellation or draft cleanup.",srv/service.cds + db/schema.cds + @cap-js/attachments draft compilation,Production-style cds build --production artifact BugService.Bugs_attachments_drafts.hdbtable; reconciled with sanitized live HANA metadata in hana-production-readback-20260803.md.
BugService.Bugs.attachments (draft),BugService_Bugs_attachments_drafts,createdBy,NVARCHAR(255),NO,YES,,,CAP draft persistence for attachment metadata linked to a draft Bug.,CAP runtime / DonHV technical governance,"Temporary draft lifecycle; removed by activation, cancellation or draft cleanup.",srv/service.cds + db/schema.cds + @cap-js/attachments draft compilation,Production-style cds build --production artifact BugService.Bugs_attachments_drafts.hdbtable; reconciled with sanitized live HANA metadata in hana-production-readback-20260803.md.
BugService.Bugs.attachments (draft),BugService_Bugs_attachments_drafts,modifiedAt,TIMESTAMP,NO,YES,,,CAP draft persistence for attachment metadata linked to a draft Bug.,CAP runtime / DonHV technical governance,"Temporary draft lifecycle; removed by activation, cancellation or draft cleanup.",srv/service.cds + db/schema.cds + @cap-js/attachments draft compilation,Production-style cds build --production artifact BugService.Bugs_attachments_drafts.hdbtable; reconciled with sanitized live HANA metadata in hana-production-readback-20260803.md.
BugService.Bugs.attachments (draft),BugService_Bugs_attachments_drafts,modifiedBy,NVARCHAR(255),NO,YES,,,CAP draft persistence for attachment metadata linked to a draft Bug.,CAP runtime / DonHV technical governance,"Temporary draft lifecycle; removed by activation, cancellation or draft cleanup.",srv/service.cds + db/schema.cds + @cap-js/attachments draft compilation,Production-style cds build --production artifact BugService.Bugs_attachments_drafts.hdbtable; reconciled with sanitized live HANA metadata in hana-production-readback-20260803.md.
BugService.Bugs.attachments (draft),BugService_Bugs_attachments_drafts,url,NVARCHAR(5000),NO,YES,,,CAP draft persistence for attachment metadata linked to a draft Bug.,CAP runtime / DonHV technical governance,"Temporary draft lifecycle; removed by activation, cancellation or draft cleanup.",srv/service.cds + db/schema.cds + @cap-js/attachments draft compilation,Production-style cds build --production artifact BugService.Bugs_attachments_drafts.hdbtable; reconciled with sanitized live HANA metadata in hana-production-readback-20260803.md.
BugService.Bugs.attachments (draft),BugService_Bugs_attachments_drafts,content,BLOB,NO,YES,,,CAP draft persistence for attachment metadata linked to a draft Bug.,CAP runtime / DonHV technical governance,"Temporary draft lifecycle; removed by activation, cancellation or draft cleanup.",srv/service.cds + db/schema.cds + @cap-js/attachments draft compilation,Production-style cds build --production artifact BugService.Bugs_attachments_drafts.hdbtable; reconciled with sanitized live HANA metadata in hana-production-readback-20260803.md.
BugService.Bugs.attachments (draft),BugService_Bugs_attachments_drafts,MIMETYPE,NVARCHAR(5000),NO,YES,application/octet-stream,,CAP draft persistence for attachment metadata linked to a draft Bug.,CAP runtime / DonHV technical governance,"Temporary draft lifecycle; removed by activation, cancellation or draft cleanup.",srv/service.cds + db/schema.cds + @cap-js/attachments draft compilation,Production-style cds build --production artifact BugService.Bugs_attachments_drafts.hdbtable; reconciled with sanitized live HANA metadata in hana-production-readback-20260803.md.
BugService.Bugs.attachments (draft),BugService_Bugs_attachments_drafts,filename,NVARCHAR(5000),NO,YES,,,CAP draft persistence for attachment metadata linked to a draft Bug.,CAP runtime / DonHV technical governance,"Temporary draft lifecycle; removed by activation, cancellation or draft cleanup.",srv/service.cds + db/schema.cds + @cap-js/attachments draft compilation,Production-style cds build --production artifact BugService.Bugs_attachments_drafts.hdbtable; reconciled with sanitized live HANA metadata in hana-production-readback-20260803.md.
BugService.Bugs.attachments (draft),BugService_Bugs_attachments_drafts,hash,NVARCHAR(5000),NO,YES,,,CAP draft persistence for attachment metadata linked to a draft Bug.,CAP runtime / DonHV technical governance,"Temporary draft lifecycle; removed by activation, cancellation or draft cleanup.",srv/service.cds + db/schema.cds + @cap-js/attachments draft compilation,Production-style cds build --production artifact BugService.Bugs_attachments_drafts.hdbtable; reconciled with sanitized live HANA metadata in hana-production-readback-20260803.md.
BugService.Bugs.attachments (draft),BugService_Bugs_attachments_drafts,status,NVARCHAR(5000),NO,YES,Unscanned,,CAP draft persistence for attachment metadata linked to a draft Bug.,CAP runtime / DonHV technical governance,"Temporary draft lifecycle; removed by activation, cancellation or draft cleanup.",srv/service.cds + db/schema.cds + @cap-js/attachments draft compilation,Production-style cds build --production artifact BugService.Bugs_attachments_drafts.hdbtable; reconciled with sanitized live HANA metadata in hana-production-readback-20260803.md.
BugService.Bugs.attachments (draft),BugService_Bugs_attachments_drafts,lastScan,TIMESTAMP,NO,YES,,,CAP draft persistence for attachment metadata linked to a draft Bug.,CAP runtime / DonHV technical governance,"Temporary draft lifecycle; removed by activation, cancellation or draft cleanup.",srv/service.cds + db/schema.cds + @cap-js/attachments draft compilation,Production-style cds build --production artifact BugService.Bugs_attachments_drafts.hdbtable; reconciled with sanitized live HANA metadata in hana-production-readback-20260803.md.
BugService.Bugs.attachments (draft),BugService_Bugs_attachments_drafts,note,NVARCHAR(5000),NO,YES,,,CAP draft persistence for attachment metadata linked to a draft Bug.,CAP runtime / DonHV technical governance,"Temporary draft lifecycle; removed by activation, cancellation or draft cleanup.",srv/service.cds + db/schema.cds + @cap-js/attachments draft compilation,Production-style cds build --production artifact BugService.Bugs_attachments_drafts.hdbtable; reconciled with sanitized live HANA metadata in hana-production-readback-20260803.md.
BugService.Bugs.attachments (draft),BugService_Bugs_attachments_drafts,fileSize,BIGINT,NO,YES,,,CAP draft persistence for attachment metadata linked to a draft Bug.,CAP runtime / DonHV technical governance,"Temporary draft lifecycle; removed by activation, cancellation or draft cleanup.",srv/service.cds + db/schema.cds + @cap-js/attachments draft compilation,Production-style cds build --production artifact BugService.Bugs_attachments_drafts.hdbtable; reconciled with sanitized live HANA metadata in hana-production-readback-20260803.md.
BugService.Bugs.attachments (draft),BugService_Bugs_attachments_drafts,IsActiveEntity,BOOLEAN,NO,YES,,,CAP draft persistence for attachment metadata linked to a draft Bug.,CAP runtime / DonHV technical governance,"Temporary draft lifecycle; removed by activation, cancellation or draft cleanup.",srv/service.cds + db/schema.cds + @cap-js/attachments draft compilation,Production-style cds build --production artifact BugService.Bugs_attachments_drafts.hdbtable; reconciled with sanitized live HANA metadata in hana-production-readback-20260803.md.
BugService.Bugs.attachments (draft),BugService_Bugs_attachments_drafts,HasActiveEntity,BOOLEAN,NO,YES,,,CAP draft persistence for attachment metadata linked to a draft Bug.,CAP runtime / DonHV technical governance,"Temporary draft lifecycle; removed by activation, cancellation or draft cleanup.",srv/service.cds + db/schema.cds + @cap-js/attachments draft compilation,Production-style cds build --production artifact BugService.Bugs_attachments_drafts.hdbtable; reconciled with sanitized live HANA metadata in hana-production-readback-20260803.md.
BugService.Bugs.attachments (draft),BugService_Bugs_attachments_drafts,HasDraftEntity,BOOLEAN,NO,YES,,,CAP draft persistence for attachment metadata linked to a draft Bug.,CAP runtime / DonHV technical governance,"Temporary draft lifecycle; removed by activation, cancellation or draft cleanup.",srv/service.cds + db/schema.cds + @cap-js/attachments draft compilation,Production-style cds build --production artifact BugService.Bugs_attachments_drafts.hdbtable; reconciled with sanitized live HANA metadata in hana-production-readback-20260803.md.
BugService.Bugs.attachments (draft),BugService_Bugs_attachments_drafts,DraftAdministrativeData_DraftUUID,NVARCHAR(36),NO,NO,,DRAFT.DraftAdministrativeData.DraftUUID,CAP draft persistence for attachment metadata linked to a draft Bug.,CAP runtime / DonHV technical governance,"Temporary draft lifecycle; removed by activation, cancellation or draft cleanup.",srv/service.cds + db/schema.cds + @cap-js/attachments draft compilation,Production-style cds build --production artifact BugService.Bugs_attachments_drafts.hdbtable; reconciled with sanitized live HANA metadata in hana-production-readback-20260803.md.
BugService.Bugs (draft),BugService_Bugs_drafts,ID,NVARCHAR(36),YES,NO,,,CAP draft persistence for Bug changes before activation.,CAP runtime / DonHV technical governance,"Temporary draft lifecycle; removed by activation, cancellation or draft cleanup.",srv/service.cds: BugService.Bugs with @odata.draft.enabled,Production-style cds build --production artifact BugService.Bugs_drafts.hdbtable; reconciled with sanitized live HANA metadata in hana-production-readback-20260803.md.
BugService.Bugs (draft),BugService_Bugs_drafts,createdAt,TIMESTAMP,NO,YES,,,CAP draft persistence for Bug changes before activation.,CAP runtime / DonHV technical governance,"Temporary draft lifecycle; removed by activation, cancellation or draft cleanup.",srv/service.cds: BugService.Bugs with @odata.draft.enabled,Production-style cds build --production artifact BugService.Bugs_drafts.hdbtable; reconciled with sanitized live HANA metadata in hana-production-readback-20260803.md.
BugService.Bugs (draft),BugService_Bugs_drafts,createdBy,NVARCHAR(255),NO,YES,,,CAP draft persistence for Bug changes before activation.,CAP runtime / DonHV technical governance,"Temporary draft lifecycle; removed by activation, cancellation or draft cleanup.",srv/service.cds: BugService.Bugs with @odata.draft.enabled,Production-style cds build --production artifact BugService.Bugs_drafts.hdbtable; reconciled with sanitized live HANA metadata in hana-production-readback-20260803.md.
BugService.Bugs (draft),BugService_Bugs_drafts,modifiedAt,TIMESTAMP,NO,YES,,,CAP draft persistence for Bug changes before activation.,CAP runtime / DonHV technical governance,"Temporary draft lifecycle; removed by activation, cancellation or draft cleanup.",srv/service.cds: BugService.Bugs with @odata.draft.enabled,Production-style cds build --production artifact BugService.Bugs_drafts.hdbtable; reconciled with sanitized live HANA metadata in hana-production-readback-20260803.md.
BugService.Bugs (draft),BugService_Bugs_drafts,modifiedBy,NVARCHAR(255),NO,YES,,,CAP draft persistence for Bug changes before activation.,CAP runtime / DonHV technical governance,"Temporary draft lifecycle; removed by activation, cancellation or draft cleanup.",srv/service.cds: BugService.Bugs with @odata.draft.enabled,Production-style cds build --production artifact BugService.Bugs_drafts.hdbtable; reconciled with sanitized live HANA metadata in hana-production-readback-20260803.md.
BugService.Bugs (draft),BugService_Bugs_drafts,bugNumber,NVARCHAR(30),NO,YES,,,CAP draft persistence for Bug changes before activation.,CAP runtime / DonHV technical governance,"Temporary draft lifecycle; removed by activation, cancellation or draft cleanup.",srv/service.cds: BugService.Bugs with @odata.draft.enabled,Production-style cds build --production artifact BugService.Bugs_drafts.hdbtable; reconciled with sanitized live HANA metadata in hana-production-readback-20260803.md.
BugService.Bugs (draft),BugService_Bugs_drafts,title,NVARCHAR(255),NO,YES,,,CAP draft persistence for Bug changes before activation.,CAP runtime / DonHV technical governance,"Temporary draft lifecycle; removed by activation, cancellation or draft cleanup.",srv/service.cds: BugService.Bugs with @odata.draft.enabled,Production-style cds build --production artifact BugService.Bugs_drafts.hdbtable; reconciled with sanitized live HANA metadata in hana-production-readback-20260803.md.
BugService.Bugs (draft),BugService_Bugs_drafts,description,NCLOB,NO,YES,,,CAP draft persistence for Bug changes before activation.,CAP runtime / DonHV technical governance,"Temporary draft lifecycle; removed by activation, cancellation or draft cleanup.",srv/service.cds: BugService.Bugs with @odata.draft.enabled,Production-style cds build --production artifact BugService.Bugs_drafts.hdbtable; reconciled with sanitized live HANA metadata in hana-production-readback-20260803.md.
BugService.Bugs (draft),BugService_Bugs_drafts,status_code,NVARCHAR(40),NO,YES,,idts.cap.StatusValues.code,CAP draft persistence for Bug changes before activation.,CAP runtime / DonHV technical governance,"Temporary draft lifecycle; removed by activation, cancellation or draft cleanup.",srv/service.cds: BugService.Bugs with @odata.draft.enabled,Production-style cds build --production artifact BugService.Bugs_drafts.hdbtable; reconciled with sanitized live HANA metadata in hana-production-readback-20260803.md.
BugService.Bugs (draft),BugService_Bugs_drafts,priority_code,NVARCHAR(40),NO,YES,,idts.cap.PriorityValues.code,CAP draft persistence for Bug changes before activation.,CAP runtime / DonHV technical governance,"Temporary draft lifecycle; removed by activation, cancellation or draft cleanup.",srv/service.cds: BugService.Bugs with @odata.draft.enabled,Production-style cds build --production artifact BugService.Bugs_drafts.hdbtable; reconciled with sanitized live HANA metadata in hana-production-readback-20260803.md.
BugService.Bugs (draft),BugService_Bugs_drafts,severity_code,NVARCHAR(40),NO,YES,,idts.cap.SeverityValues.code,CAP draft persistence for Bug changes before activation.,CAP runtime / DonHV technical governance,"Temporary draft lifecycle; removed by activation, cancellation or draft cleanup.",srv/service.cds: BugService.Bugs with @odata.draft.enabled,Production-style cds build --production artifact BugService.Bugs_drafts.hdbtable; reconciled with sanitized live HANA metadata in hana-production-readback-20260803.md.
BugService.Bugs (draft),BugService_Bugs_drafts,environment_code,NVARCHAR(40),NO,YES,,idts.cap.EnvironmentValues.code,CAP draft persistence for Bug changes before activation.,CAP runtime / DonHV technical governance,"Temporary draft lifecycle; removed by activation, cancellation or draft cleanup.",srv/service.cds: BugService.Bugs with @odata.draft.enabled,Production-style cds build --production artifact BugService.Bugs_drafts.hdbtable; reconciled with sanitized live HANA metadata in hana-production-readback-20260803.md.
BugService.Bugs (draft),BugService_Bugs_drafts,environmentDetail,NVARCHAR(255),NO,YES,,,CAP draft persistence for Bug changes before activation.,CAP runtime / DonHV technical governance,"Temporary draft lifecycle; removed by activation, cancellation or draft cleanup.",srv/service.cds: BugService.Bugs with @odata.draft.enabled,Production-style cds build --production artifact BugService.Bugs_drafts.hdbtable; reconciled with sanitized live HANA metadata in hana-production-readback-20260803.md.
BugService.Bugs (draft),BugService_Bugs_drafts,stepsToReproduce,NCLOB,NO,YES,,,CAP draft persistence for Bug changes before activation.,CAP runtime / DonHV technical governance,"Temporary draft lifecycle; removed by activation, cancellation or draft cleanup.",srv/service.cds: BugService.Bugs with @odata.draft.enabled,Production-style cds build --production artifact BugService.Bugs_drafts.hdbtable; reconciled with sanitized live HANA metadata in hana-production-readback-20260803.md.
BugService.Bugs (draft),BugService_Bugs_drafts,actualResult,NCLOB,NO,YES,,,CAP draft persistence for Bug changes before activation.,CAP runtime / DonHV technical governance,"Temporary draft lifecycle; removed by activation, cancellation or draft cleanup.",srv/service.cds: BugService.Bugs with @odata.draft.enabled,Production-style cds build --production artifact BugService.Bugs_drafts.hdbtable; reconciled with sanitized live HANA metadata in hana-production-readback-20260803.md.
BugService.Bugs (draft),BugService_Bugs_drafts,expectedResult,NCLOB,NO,YES,,,CAP draft persistence for Bug changes before activation.,CAP runtime / DonHV technical governance,"Temporary draft lifecycle; removed by activation, cancellation or draft cleanup.",srv/service.cds: BugService.Bugs with @odata.draft.enabled,Production-style cds build --production artifact BugService.Bugs_drafts.hdbtable; reconciled with sanitized live HANA metadata in hana-production-readback-20260803.md.
BugService.Bugs (draft),BugService_Bugs_drafts,sapModule_ID,NVARCHAR(36),NO,YES,,idts.cap.SAPModules.ID,CAP draft persistence for Bug changes before activation.,CAP runtime / DonHV technical governance,"Temporary draft lifecycle; removed by activation, cancellation or draft cleanup.",srv/service.cds: BugService.Bugs with @odata.draft.enabled,Production-style cds build --production artifact BugService.Bugs_drafts.hdbtable; reconciled with sanitized live HANA metadata in hana-production-readback-20260803.md.
BugService.Bugs (draft),BugService_Bugs_drafts,applicationComponent_ID,NVARCHAR(36),NO,YES,,idts.cap.ApplicationComponents.ID,CAP draft persistence for Bug changes before activation.,CAP runtime / DonHV technical governance,"Temporary draft lifecycle; removed by activation, cancellation or draft cleanup.",srv/service.cds: BugService.Bugs with @odata.draft.enabled,Production-style cds build --production artifact BugService.Bugs_drafts.hdbtable; reconciled with sanitized live HANA metadata in hana-production-readback-20260803.md.
BugService.Bugs (draft),BugService_Bugs_drafts,defectCategory_ID,NVARCHAR(36),NO,YES,,idts.cap.DefectCategories.ID,CAP draft persistence for Bug changes before activation.,CAP runtime / DonHV technical governance,"Temporary draft lifecycle; removed by activation, cancellation or draft cleanup.",srv/service.cds: BugService.Bugs with @odata.draft.enabled,Production-style cds build --production artifact BugService.Bugs_drafts.hdbtable; reconciled with sanitized live HANA metadata in hana-production-readback-20260803.md.
BugService.Bugs (draft),BugService_Bugs_drafts,componentCategory_ID,NVARCHAR(36),NO,YES,,idts.cap.ComponentCategories.ID,CAP draft persistence for Bug changes before activation.,CAP runtime / DonHV technical governance,"Temporary draft lifecycle; removed by activation, cancellation or draft cleanup.",srv/service.cds: BugService.Bugs with @odata.draft.enabled,Production-style cds build --production artifact BugService.Bugs_drafts.hdbtable; reconciled with sanitized live HANA metadata in hana-production-readback-20260803.md.
BugService.Bugs (draft),BugService_Bugs_drafts,reporter_ID,NVARCHAR(36),NO,YES,,idts.cap.Users.ID,CAP draft persistence for Bug changes before activation.,CAP runtime / DonHV technical governance,"Temporary draft lifecycle; removed by activation, cancellation or draft cleanup.",srv/service.cds: BugService.Bugs with @odata.draft.enabled,Production-style cds build --production artifact BugService.Bugs_drafts.hdbtable; reconciled with sanitized live HANA metadata in hana-production-readback-20260803.md.
BugService.Bugs (draft),BugService_Bugs_drafts,assignee_ID,NVARCHAR(36),NO,YES,,idts.cap.DeveloperProfiles.ID,CAP draft persistence for Bug changes before activation.,CAP runtime / DonHV technical governance,"Temporary draft lifecycle; removed by activation, cancellation or draft cleanup.",srv/service.cds: BugService.Bugs with @odata.draft.enabled,Production-style cds build --production artifact BugService.Bugs_drafts.hdbtable; reconciled with sanitized live HANA metadata in hana-production-readback-20260803.md.
BugService.Bugs (draft),BugService_Bugs_drafts,nextProcessorUser_ID,NVARCHAR(36),NO,YES,,idts.cap.Users.ID,CAP draft persistence for Bug changes before activation.,CAP runtime / DonHV technical governance,"Temporary draft lifecycle; removed by activation, cancellation or draft cleanup.",srv/service.cds: BugService.Bugs with @odata.draft.enabled,Production-style cds build --production artifact BugService.Bugs_drafts.hdbtable; reconciled with sanitized live HANA metadata in hana-production-readback-20260803.md.
BugService.Bugs (draft),BugService_Bugs_drafts,nextProcessorRole_code,NVARCHAR(40),NO,YES,,idts.cap.ProcessorRoleValues.code,CAP draft persistence for Bug changes before activation.,CAP runtime / DonHV technical governance,"Temporary draft lifecycle; removed by activation, cancellation or draft cleanup.",srv/service.cds: BugService.Bugs with @odata.draft.enabled,Production-style cds build --production artifact BugService.Bugs_drafts.hdbtable; reconciled with sanitized live HANA metadata in hana-production-readback-20260803.md.
BugService.Bugs (draft),BugService_Bugs_drafts,rejectionReason,NCLOB,NO,YES,,,CAP draft persistence for Bug changes before activation.,CAP runtime / DonHV technical governance,"Temporary draft lifecycle; removed by activation, cancellation or draft cleanup.",srv/service.cds: BugService.Bugs with @odata.draft.enabled,Production-style cds build --production artifact BugService.Bugs_drafts.hdbtable; reconciled with sanitized live HANA metadata in hana-production-readback-20260803.md.
BugService.Bugs (draft),BugService_Bugs_drafts,testCaseRef,NVARCHAR(80),NO,YES,,,CAP draft persistence for Bug changes before activation.,CAP runtime / DonHV technical governance,"Temporary draft lifecycle; removed by activation, cancellation or draft cleanup.",srv/service.cds: BugService.Bugs with @odata.draft.enabled,Production-style cds build --production artifact BugService.Bugs_drafts.hdbtable; reconciled with sanitized live HANA metadata in hana-production-readback-20260803.md.
BugService.Bugs (draft),BugService_Bugs_drafts,testRunRef,NVARCHAR(80),NO,YES,,,CAP draft persistence for Bug changes before activation.,CAP runtime / DonHV technical governance,"Temporary draft lifecycle; removed by activation, cancellation or draft cleanup.",srv/service.cds: BugService.Bugs with @odata.draft.enabled,Production-style cds build --production artifact BugService.Bugs_drafts.hdbtable; reconciled with sanitized live HANA metadata in hana-production-readback-20260803.md.
BugService.Bugs (draft),BugService_Bugs_drafts,plannedCompletionDate,DATE,NO,YES,,,CAP draft persistence for Bug changes before activation.,CAP runtime / DonHV technical governance,"Temporary draft lifecycle; removed by activation, cancellation or draft cleanup.",srv/service.cds: BugService.Bugs with @odata.draft.enabled,Production-style cds build --production artifact BugService.Bugs_drafts.hdbtable; reconciled with sanitized live HANA metadata in hana-production-readback-20260803.md.
BugService.Bugs (draft),BugService_Bugs_drafts,dueDate,DATE,NO,YES,,,CAP draft persistence for Bug changes before activation.,CAP runtime / DonHV technical governance,"Temporary draft lifecycle; removed by activation, cancellation or draft cleanup.",srv/service.cds: BugService.Bugs with @odata.draft.enabled,Production-style cds build --production artifact BugService.Bugs_drafts.hdbtable; reconciled with sanitized live HANA metadata in hana-production-readback-20260803.md.
BugService.Bugs (draft),BugService_Bugs_drafts,estimatedEffortHours,"DECIMAL(9, 2)",NO,YES,,,CAP draft persistence for Bug changes before activation.,CAP runtime / DonHV technical governance,"Temporary draft lifecycle; removed by activation, cancellation or draft cleanup.",srv/service.cds: BugService.Bugs with @odata.draft.enabled,Production-style cds build --production artifact BugService.Bugs_drafts.hdbtable; reconciled with sanitized live HANA metadata in hana-production-readback-20260803.md.
BugService.Bugs (draft),BugService_Bugs_drafts,isOverdue,BOOLEAN,NO,YES,,,CAP draft persistence for Bug changes before activation.,CAP runtime / DonHV technical governance,"Temporary draft lifecycle; removed by activation, cancellation or draft cleanup.",srv/service.cds: BugService.Bugs with @odata.draft.enabled,Production-style cds build --production artifact BugService.Bugs_drafts.hdbtable; reconciled with sanitized live HANA metadata in hana-production-readback-20260803.md.
BugService.Bugs (draft),BugService_Bugs_drafts,isPendingAssignment,BOOLEAN,NO,YES,,,CAP draft persistence for Bug changes before activation.,CAP runtime / DonHV technical governance,"Temporary draft lifecycle; removed by activation, cancellation or draft cleanup.",srv/service.cds: BugService.Bugs with @odata.draft.enabled,Production-style cds build --production artifact BugService.Bugs_drafts.hdbtable; reconciled with sanitized live HANA metadata in hana-production-readback-20260803.md.
BugService.Bugs (draft),BugService_Bugs_drafts,isRejectedFollowUp,BOOLEAN,NO,YES,,,CAP draft persistence for Bug changes before activation.,CAP runtime / DonHV technical governance,"Temporary draft lifecycle; removed by activation, cancellation or draft cleanup.",srv/service.cds: BugService.Bugs with @odata.draft.enabled,Production-style cds build --production artifact BugService.Bugs_drafts.hdbtable; reconciled with sanitized live HANA metadata in hana-production-readback-20260803.md.
BugService.Bugs (draft),BugService_Bugs_drafts,isRetestRequired,BOOLEAN,NO,YES,,,CAP draft persistence for Bug changes before activation.,CAP runtime / DonHV technical governance,"Temporary draft lifecycle; removed by activation, cancellation or draft cleanup.",srv/service.cds: BugService.Bugs with @odata.draft.enabled,Production-style cds build --production artifact BugService.Bugs_drafts.hdbtable; reconciled with sanitized live HANA metadata in hana-production-readback-20260803.md.
BugService.Bugs (draft),BugService_Bugs_drafts,IsActiveEntity,BOOLEAN,NO,YES,,,CAP draft persistence for Bug changes before activation.,CAP runtime / DonHV technical governance,"Temporary draft lifecycle; removed by activation, cancellation or draft cleanup.",srv/service.cds: BugService.Bugs with @odata.draft.enabled,Production-style cds build --production artifact BugService.Bugs_drafts.hdbtable; reconciled with sanitized live HANA metadata in hana-production-readback-20260803.md.
BugService.Bugs (draft),BugService_Bugs_drafts,HasActiveEntity,BOOLEAN,NO,YES,,,CAP draft persistence for Bug changes before activation.,CAP runtime / DonHV technical governance,"Temporary draft lifecycle; removed by activation, cancellation or draft cleanup.",srv/service.cds: BugService.Bugs with @odata.draft.enabled,Production-style cds build --production artifact BugService.Bugs_drafts.hdbtable; reconciled with sanitized live HANA metadata in hana-production-readback-20260803.md.
BugService.Bugs (draft),BugService_Bugs_drafts,HasDraftEntity,BOOLEAN,NO,YES,,,CAP draft persistence for Bug changes before activation.,CAP runtime / DonHV technical governance,"Temporary draft lifecycle; removed by activation, cancellation or draft cleanup.",srv/service.cds: BugService.Bugs with @odata.draft.enabled,Production-style cds build --production artifact BugService.Bugs_drafts.hdbtable; reconciled with sanitized live HANA metadata in hana-production-readback-20260803.md.
BugService.Bugs (draft),BugService_Bugs_drafts,DraftAdministrativeData_DraftUUID,NVARCHAR(36),NO,NO,,DRAFT.DraftAdministrativeData.DraftUUID,CAP draft persistence for Bug changes before activation.,CAP runtime / DonHV technical governance,"Temporary draft lifecycle; removed by activation, cancellation or draft cleanup.",srv/service.cds: BugService.Bugs with @odata.draft.enabled,Production-style cds build --production artifact BugService.Bugs_drafts.hdbtable; reconciled with sanitized live HANA metadata in hana-production-readback-20260803.md.
BugService.Comments (draft),BugService_Comments_drafts,ID,NVARCHAR(36),YES,NO,,,CAP draft persistence for comments composed under a draft Bug.,CAP runtime / DonHV technical governance,"Temporary draft lifecycle; removed by activation, cancellation or draft cleanup.",srv/service.cds: BugService.Comments draft composition,Production-style cds build --production artifact BugService.Comments_drafts.hdbtable; reconciled with sanitized live HANA metadata in hana-production-readback-20260803.md.
BugService.Comments (draft),BugService_Comments_drafts,createdAt,TIMESTAMP,NO,YES,,,CAP draft persistence for comments composed under a draft Bug.,CAP runtime / DonHV technical governance,"Temporary draft lifecycle; removed by activation, cancellation or draft cleanup.",srv/service.cds: BugService.Comments draft composition,Production-style cds build --production artifact BugService.Comments_drafts.hdbtable; reconciled with sanitized live HANA metadata in hana-production-readback-20260803.md.
BugService.Comments (draft),BugService_Comments_drafts,createdBy,NVARCHAR(255),NO,YES,,,CAP draft persistence for comments composed under a draft Bug.,CAP runtime / DonHV technical governance,"Temporary draft lifecycle; removed by activation, cancellation or draft cleanup.",srv/service.cds: BugService.Comments draft composition,Production-style cds build --production artifact BugService.Comments_drafts.hdbtable; reconciled with sanitized live HANA metadata in hana-production-readback-20260803.md.
BugService.Comments (draft),BugService_Comments_drafts,modifiedAt,TIMESTAMP,NO,YES,,,CAP draft persistence for comments composed under a draft Bug.,CAP runtime / DonHV technical governance,"Temporary draft lifecycle; removed by activation, cancellation or draft cleanup.",srv/service.cds: BugService.Comments draft composition,Production-style cds build --production artifact BugService.Comments_drafts.hdbtable; reconciled with sanitized live HANA metadata in hana-production-readback-20260803.md.
BugService.Comments (draft),BugService_Comments_drafts,modifiedBy,NVARCHAR(255),NO,YES,,,CAP draft persistence for comments composed under a draft Bug.,CAP runtime / DonHV technical governance,"Temporary draft lifecycle; removed by activation, cancellation or draft cleanup.",srv/service.cds: BugService.Comments draft composition,Production-style cds build --production artifact BugService.Comments_drafts.hdbtable; reconciled with sanitized live HANA metadata in hana-production-readback-20260803.md.
BugService.Comments (draft),BugService_Comments_drafts,bug_ID,NVARCHAR(36),NO,YES,,idts.cap.Bugs.ID,CAP draft persistence for comments composed under a draft Bug.,CAP runtime / DonHV technical governance,"Temporary draft lifecycle; removed by activation, cancellation or draft cleanup.",srv/service.cds: BugService.Comments draft composition,Production-style cds build --production artifact BugService.Comments_drafts.hdbtable; reconciled with sanitized live HANA metadata in hana-production-readback-20260803.md.
BugService.Comments (draft),BugService_Comments_drafts,author_ID,NVARCHAR(36),NO,YES,,idts.cap.Users.ID,CAP draft persistence for comments composed under a draft Bug.,CAP runtime / DonHV technical governance,"Temporary draft lifecycle; removed by activation, cancellation or draft cleanup.",srv/service.cds: BugService.Comments draft composition,Production-style cds build --production artifact BugService.Comments_drafts.hdbtable; reconciled with sanitized live HANA metadata in hana-production-readback-20260803.md.
BugService.Comments (draft),BugService_Comments_drafts,authorRole_code,NVARCHAR(40),NO,YES,,idts.cap.UserRoles.code,CAP draft persistence for comments composed under a draft Bug.,CAP runtime / DonHV technical governance,"Temporary draft lifecycle; removed by activation, cancellation or draft cleanup.",srv/service.cds: BugService.Comments draft composition,Production-style cds build --production artifact BugService.Comments_drafts.hdbtable; reconciled with sanitized live HANA metadata in hana-production-readback-20260803.md.
BugService.Comments (draft),BugService_Comments_drafts,content,NCLOB,NO,YES,,,CAP draft persistence for comments composed under a draft Bug.,CAP runtime / DonHV technical governance,"Temporary draft lifecycle; removed by activation, cancellation or draft cleanup.",srv/service.cds: BugService.Comments draft composition,Production-style cds build --production artifact BugService.Comments_drafts.hdbtable; reconciled with sanitized live HANA metadata in hana-production-readback-20260803.md.
BugService.Comments (draft),BugService_Comments_drafts,authorDisplayName,NVARCHAR(120),NO,YES,,,CAP draft persistence for comments composed under a draft Bug.,CAP runtime / DonHV technical governance,"Temporary draft lifecycle; removed by activation, cancellation or draft cleanup.",srv/service.cds: BugService.Comments draft composition,Production-style cds build --production artifact BugService.Comments_drafts.hdbtable; reconciled with sanitized live HANA metadata in hana-production-readback-20260803.md.
BugService.Comments (draft),BugService_Comments_drafts,authorRoleName,NVARCHAR(120),NO,YES,,,CAP draft persistence for comments composed under a draft Bug.,CAP runtime / DonHV technical governance,"Temporary draft lifecycle; removed by activation, cancellation or draft cleanup.",srv/service.cds: BugService.Comments draft composition,Production-style cds build --production artifact BugService.Comments_drafts.hdbtable; reconciled with sanitized live HANA metadata in hana-production-readback-20260803.md.
BugService.Comments (draft),BugService_Comments_drafts,IsActiveEntity,BOOLEAN,NO,YES,,,CAP draft persistence for comments composed under a draft Bug.,CAP runtime / DonHV technical governance,"Temporary draft lifecycle; removed by activation, cancellation or draft cleanup.",srv/service.cds: BugService.Comments draft composition,Production-style cds build --production artifact BugService.Comments_drafts.hdbtable; reconciled with sanitized live HANA metadata in hana-production-readback-20260803.md.
BugService.Comments (draft),BugService_Comments_drafts,HasActiveEntity,BOOLEAN,NO,YES,,,CAP draft persistence for comments composed under a draft Bug.,CAP runtime / DonHV technical governance,"Temporary draft lifecycle; removed by activation, cancellation or draft cleanup.",srv/service.cds: BugService.Comments draft composition,Production-style cds build --production artifact BugService.Comments_drafts.hdbtable; reconciled with sanitized live HANA metadata in hana-production-readback-20260803.md.
BugService.Comments (draft),BugService_Comments_drafts,HasDraftEntity,BOOLEAN,NO,YES,,,CAP draft persistence for comments composed under a draft Bug.,CAP runtime / DonHV technical governance,"Temporary draft lifecycle; removed by activation, cancellation or draft cleanup.",srv/service.cds: BugService.Comments draft composition,Production-style cds build --production artifact BugService.Comments_drafts.hdbtable; reconciled with sanitized live HANA metadata in hana-production-readback-20260803.md.
BugService.Comments (draft),BugService_Comments_drafts,DraftAdministrativeData_DraftUUID,NVARCHAR(36),NO,NO,,DRAFT.DraftAdministrativeData.DraftUUID,CAP draft persistence for comments composed under a draft Bug.,CAP runtime / DonHV technical governance,"Temporary draft lifecycle; removed by activation, cancellation or draft cleanup.",srv/service.cds: BugService.Comments draft composition,Production-style cds build --production artifact BugService.Comments_drafts.hdbtable; reconciled with sanitized live HANA metadata in hana-production-readback-20260803.md.
BugService.DeveloperWorkloads,BugService_DeveloperWorkloads,developerProfileID,NVARCHAR(36),YES,NO,,,Service helper entity calculated by a custom READ handler for workload monitoring; current build persists an artifact because @cds.persistence.skip is absent.,CAP runtime / DonHV technical governance,Project lifecycle or until an authorized retention/deletion rule applies.,srv/service.cds: BugService.DeveloperWorkloads,Production-style cds build --production artifact BugService.DeveloperWorkloads.hdbtable; reconciled with sanitized live HANA metadata in hana-production-readback-20260803.md.
BugService.DeveloperWorkloads,BugService_DeveloperWorkloads,developerUserID,NVARCHAR(36),NO,YES,,,Service helper entity calculated by a custom READ handler for workload monitoring; current build persists an artifact because @cds.persistence.skip is absent.,CAP runtime / DonHV technical governance,Project lifecycle or until an authorized retention/deletion rule applies.,srv/service.cds: BugService.DeveloperWorkloads,Production-style cds build --production artifact BugService.DeveloperWorkloads.hdbtable; reconciled with sanitized live HANA metadata in hana-production-readback-20260803.md.
BugService.DeveloperWorkloads,BugService_DeveloperWorkloads,developerName,NVARCHAR(120),NO,YES,,,Service helper entity calculated by a custom READ handler for workload monitoring; current build persists an artifact because @cds.persistence.skip is absent.,CAP runtime / DonHV technical governance,Project lifecycle or until an authorized retention/deletion rule applies.,srv/service.cds: BugService.DeveloperWorkloads,Production-style cds build --production artifact BugService.DeveloperWorkloads.hdbtable; reconciled with sanitized live HANA metadata in hana-production-readback-20260803.md.
BugService.DeveloperWorkloads,BugService_DeveloperWorkloads,developerEmail,NVARCHAR(255),NO,YES,,,Service helper entity calculated by a custom READ handler for workload monitoring; current build persists an artifact because @cds.persistence.skip is absent.,CAP runtime / DonHV technical governance,Project lifecycle or until an authorized retention/deletion rule applies.,srv/service.cds: BugService.DeveloperWorkloads,Production-style cds build --production artifact BugService.DeveloperWorkloads.hdbtable; reconciled with sanitized live HANA metadata in hana-production-readback-20260803.md.
BugService.DeveloperWorkloads,BugService_DeveloperWorkloads,availabilityStatusCode,NVARCHAR(40),NO,YES,,,Service helper entity calculated by a custom READ handler for workload monitoring; current build persists an artifact because @cds.persistence.skip is absent.,CAP runtime / DonHV technical governance,Project lifecycle or until an authorized retention/deletion rule applies.,srv/service.cds: BugService.DeveloperWorkloads,Production-style cds build --production artifact BugService.DeveloperWorkloads.hdbtable; reconciled with sanitized live HANA metadata in hana-production-readback-20260803.md.
BugService.DeveloperWorkloads,BugService_DeveloperWorkloads,availabilityStatusName,NVARCHAR(120),NO,YES,,,Service helper entity calculated by a custom READ handler for workload monitoring; current build persists an artifact because @cds.persistence.skip is absent.,CAP runtime / DonHV technical governance,Project lifecycle or until an authorized retention/deletion rule applies.,srv/service.cds: BugService.DeveloperWorkloads,Production-style cds build --production artifact BugService.DeveloperWorkloads.hdbtable; reconciled with sanitized live HANA metadata in hana-production-readback-20260803.md.
BugService.DeveloperWorkloads,BugService_DeveloperWorkloads,availabilityCriticality,INTEGER,NO,YES,,,Service helper entity calculated by a custom READ handler for workload monitoring; current build persists an artifact because @cds.persistence.skip is absent.,CAP runtime / DonHV technical governance,Project lifecycle or until an authorized retention/deletion rule applies.,srv/service.cds: BugService.DeveloperWorkloads,Production-style cds build --production artifact BugService.DeveloperWorkloads.hdbtable; reconciled with sanitized live HANA metadata in hana-production-readback-20260803.md.
BugService.DeveloperWorkloads,BugService_DeveloperWorkloads,workloadLimit,INTEGER,NO,YES,,,Service helper entity calculated by a custom READ handler for workload monitoring; current build persists an artifact because @cds.persistence.skip is absent.,CAP runtime / DonHV technical governance,Project lifecycle or until an authorized retention/deletion rule applies.,srv/service.cds: BugService.DeveloperWorkloads,Production-style cds build --production artifact BugService.DeveloperWorkloads.hdbtable; reconciled with sanitized live HANA metadata in hana-production-readback-20260803.md.
BugService.DeveloperWorkloads,BugService_DeveloperWorkloads,openOwnedBugCount,INTEGER,NO,YES,,,Service helper entity calculated by a custom READ handler for workload monitoring; current build persists an artifact because @cds.persistence.skip is absent.,CAP runtime / DonHV technical governance,Project lifecycle or until an authorized retention/deletion rule applies.,srv/service.cds: BugService.DeveloperWorkloads,Production-style cds build --production artifact BugService.DeveloperWorkloads.hdbtable; reconciled with sanitized live HANA metadata in hana-production-readback-20260803.md.
BugService.DeveloperWorkloads,BugService_DeveloperWorkloads,overdueOwnedBugCount,INTEGER,NO,YES,,,Service helper entity calculated by a custom READ handler for workload monitoring; current build persists an artifact because @cds.persistence.skip is absent.,CAP runtime / DonHV technical governance,Project lifecycle or until an authorized retention/deletion rule applies.,srv/service.cds: BugService.DeveloperWorkloads,Production-style cds build --production artifact BugService.DeveloperWorkloads.hdbtable; reconciled with sanitized live HANA metadata in hana-production-readback-20260803.md.
BugService.DeveloperWorkloads,BugService_DeveloperWorkloads,currentActionItemCount,INTEGER,NO,YES,,,Service helper entity calculated by a custom READ handler for workload monitoring; current build persists an artifact because @cds.persistence.skip is absent.,CAP runtime / DonHV technical governance,Project lifecycle or until an authorized retention/deletion rule applies.,srv/service.cds: BugService.DeveloperWorkloads,Production-style cds build --production artifact BugService.DeveloperWorkloads.hdbtable; reconciled with sanitized live HANA metadata in hana-production-readback-20260803.md.
BugService.DeveloperWorkloads,BugService_DeveloperWorkloads,assignedCount,INTEGER,NO,YES,,,Service helper entity calculated by a custom READ handler for workload monitoring; current build persists an artifact because @cds.persistence.skip is absent.,CAP runtime / DonHV technical governance,Project lifecycle or until an authorized retention/deletion rule applies.,srv/service.cds: BugService.DeveloperWorkloads,Production-style cds build --production artifact BugService.DeveloperWorkloads.hdbtable; reconciled with sanitized live HANA metadata in hana-production-readback-20260803.md.
BugService.DeveloperWorkloads,BugService_DeveloperWorkloads,inReviewCount,INTEGER,NO,YES,,,Service helper entity calculated by a custom READ handler for workload monitoring; current build persists an artifact because @cds.persistence.skip is absent.,CAP runtime / DonHV technical governance,Project lifecycle or until an authorized retention/deletion rule applies.,srv/service.cds: BugService.DeveloperWorkloads,Production-style cds build --production artifact BugService.DeveloperWorkloads.hdbtable; reconciled with sanitized live HANA metadata in hana-production-readback-20260803.md.
BugService.DeveloperWorkloads,BugService_DeveloperWorkloads,inProgressCount,INTEGER,NO,YES,,,Service helper entity calculated by a custom READ handler for workload monitoring; current build persists an artifact because @cds.persistence.skip is absent.,CAP runtime / DonHV technical governance,Project lifecycle or until an authorized retention/deletion rule applies.,srv/service.cds: BugService.DeveloperWorkloads,Production-style cds build --production artifact BugService.DeveloperWorkloads.hdbtable; reconciled with sanitized live HANA metadata in hana-production-readback-20260803.md.
BugService.DeveloperWorkloads,BugService_DeveloperWorkloads,reopenedCount,INTEGER,NO,YES,,,Service helper entity calculated by a custom READ handler for workload monitoring; current build persists an artifact because @cds.persistence.skip is absent.,CAP runtime / DonHV technical governance,Project lifecycle or until an authorized retention/deletion rule applies.,srv/service.cds: BugService.DeveloperWorkloads,Production-style cds build --production artifact BugService.DeveloperWorkloads.hdbtable; reconciled with sanitized live HANA metadata in hana-production-readback-20260803.md.
BugService.DeveloperWorkloads,BugService_DeveloperWorkloads,needMoreInformationCount,INTEGER,NO,YES,,,Service helper entity calculated by a custom READ handler for workload monitoring; current build persists an artifact because @cds.persistence.skip is absent.,CAP runtime / DonHV technical governance,Project lifecycle or until an authorized retention/deletion rule applies.,srv/service.cds: BugService.DeveloperWorkloads,Production-style cds build --production artifact BugService.DeveloperWorkloads.hdbtable; reconciled with sanitized live HANA metadata in hana-production-readback-20260803.md.
BugService.DeveloperWorkloads,BugService_DeveloperWorkloads,resolvedCount,INTEGER,NO,YES,,,Service helper entity calculated by a custom READ handler for workload monitoring; current build persists an artifact because @cds.persistence.skip is absent.,CAP runtime / DonHV technical governance,Project lifecycle or until an authorized retention/deletion rule applies.,srv/service.cds: BugService.DeveloperWorkloads,Production-style cds build --production artifact BugService.DeveloperWorkloads.hdbtable; reconciled with sanitized live HANA metadata in hana-production-readback-20260803.md.
BugService.DeveloperWorkloads,BugService_DeveloperWorkloads,retestRequiredCount,INTEGER,NO,YES,,,Service helper entity calculated by a custom READ handler for workload monitoring; current build persists an artifact because @cds.persistence.skip is absent.,CAP runtime / DonHV technical governance,Project lifecycle or until an authorized retention/deletion rule applies.,srv/service.cds: BugService.DeveloperWorkloads,Production-style cds build --production artifact BugService.DeveloperWorkloads.hdbtable; reconciled with sanitized live HANA metadata in hana-production-readback-20260803.md.
BugService.DeveloperWorkloads,BugService_DeveloperWorkloads,rejectedCount,INTEGER,NO,YES,,,Service helper entity calculated by a custom READ handler for workload monitoring; current build persists an artifact because @cds.persistence.skip is absent.,CAP runtime / DonHV technical governance,Project lifecycle or until an authorized retention/deletion rule applies.,srv/service.cds: BugService.DeveloperWorkloads,Production-style cds build --production artifact BugService.DeveloperWorkloads.hdbtable; reconciled with sanitized live HANA metadata in hana-production-readback-20260803.md.
BugService.DeveloperWorkloads,BugService_DeveloperWorkloads,estimatedEffortHoursTotal,"DECIMAL(9, 2)",NO,YES,,,Service helper entity calculated by a custom READ handler for workload monitoring; current build persists an artifact because @cds.persistence.skip is absent.,CAP runtime / DonHV technical governance,Project lifecycle or until an authorized retention/deletion rule applies.,srv/service.cds: BugService.DeveloperWorkloads,Production-style cds build --production artifact BugService.DeveloperWorkloads.hdbtable; reconciled with sanitized live HANA metadata in hana-production-readback-20260803.md.
BugService.DeveloperWorkloads,BugService_DeveloperWorkloads,isOverloaded,BOOLEAN,NO,YES,,,Service helper entity calculated by a custom READ handler for workload monitoring; current build persists an artifact because @cds.persistence.skip is absent.,CAP runtime / DonHV technical governance,Project lifecycle or until an authorized retention/deletion rule applies.,srv/service.cds: BugService.DeveloperWorkloads,Production-style cds build --production artifact BugService.DeveloperWorkloads.hdbtable; reconciled with sanitized live HANA metadata in hana-production-readback-20260803.md.
BugService.DeveloperWorkloads,BugService_DeveloperWorkloads,active,BOOLEAN,NO,YES,,,Service helper entity calculated by a custom READ handler for workload monitoring; current build persists an artifact because @cds.persistence.skip is absent.,CAP runtime / DonHV technical governance,Project lifecycle or until an authorized retention/deletion rule applies.,srv/service.cds: BugService.DeveloperWorkloads,Production-style cds build --production artifact BugService.DeveloperWorkloads.hdbtable; reconciled with sanitized live HANA metadata in hana-production-readback-20260803.md.
BugService.DuplicateLinks (draft),BugService_DuplicateLinks_drafts,ID,NVARCHAR(36),YES,NO,,,CAP draft persistence for duplicate-link data exposed under a draft Bug.,CAP runtime / DonHV technical governance,"Temporary draft lifecycle; removed by activation, cancellation or draft cleanup.",srv/service.cds: BugService.DuplicateLinks draft composition,Production-style cds build --production artifact BugService.DuplicateLinks_drafts.hdbtable; reconciled with sanitized live HANA metadata in hana-production-readback-20260803.md.
BugService.DuplicateLinks (draft),BugService_DuplicateLinks_drafts,createdAt,TIMESTAMP,NO,YES,,,CAP draft persistence for duplicate-link data exposed under a draft Bug.,CAP runtime / DonHV technical governance,"Temporary draft lifecycle; removed by activation, cancellation or draft cleanup.",srv/service.cds: BugService.DuplicateLinks draft composition,Production-style cds build --production artifact BugService.DuplicateLinks_drafts.hdbtable; reconciled with sanitized live HANA metadata in hana-production-readback-20260803.md.
BugService.DuplicateLinks (draft),BugService_DuplicateLinks_drafts,createdBy,NVARCHAR(255),NO,YES,,,CAP draft persistence for duplicate-link data exposed under a draft Bug.,CAP runtime / DonHV technical governance,"Temporary draft lifecycle; removed by activation, cancellation or draft cleanup.",srv/service.cds: BugService.DuplicateLinks draft composition,Production-style cds build --production artifact BugService.DuplicateLinks_drafts.hdbtable; reconciled with sanitized live HANA metadata in hana-production-readback-20260803.md.
BugService.DuplicateLinks (draft),BugService_DuplicateLinks_drafts,modifiedAt,TIMESTAMP,NO,YES,,,CAP draft persistence for duplicate-link data exposed under a draft Bug.,CAP runtime / DonHV technical governance,"Temporary draft lifecycle; removed by activation, cancellation or draft cleanup.",srv/service.cds: BugService.DuplicateLinks draft composition,Production-style cds build --production artifact BugService.DuplicateLinks_drafts.hdbtable; reconciled with sanitized live HANA metadata in hana-production-readback-20260803.md.
BugService.DuplicateLinks (draft),BugService_DuplicateLinks_drafts,modifiedBy,NVARCHAR(255),NO,YES,,,CAP draft persistence for duplicate-link data exposed under a draft Bug.,CAP runtime / DonHV technical governance,"Temporary draft lifecycle; removed by activation, cancellation or draft cleanup.",srv/service.cds: BugService.DuplicateLinks draft composition,Production-style cds build --production artifact BugService.DuplicateLinks_drafts.hdbtable; reconciled with sanitized live HANA metadata in hana-production-readback-20260803.md.
BugService.DuplicateLinks (draft),BugService_DuplicateLinks_drafts,sourceBug_ID,NVARCHAR(36),NO,YES,,idts.cap.Bugs.ID,CAP draft persistence for duplicate-link data exposed under a draft Bug.,CAP runtime / DonHV technical governance,"Temporary draft lifecycle; removed by activation, cancellation or draft cleanup.",srv/service.cds: BugService.DuplicateLinks draft composition,Production-style cds build --production artifact BugService.DuplicateLinks_drafts.hdbtable; reconciled with sanitized live HANA metadata in hana-production-readback-20260803.md.
BugService.DuplicateLinks (draft),BugService_DuplicateLinks_drafts,targetBug_ID,NVARCHAR(36),NO,YES,,idts.cap.Bugs.ID,CAP draft persistence for duplicate-link data exposed under a draft Bug.,CAP runtime / DonHV technical governance,"Temporary draft lifecycle; removed by activation, cancellation or draft cleanup.",srv/service.cds: BugService.DuplicateLinks draft composition,Production-style cds build --production artifact BugService.DuplicateLinks_drafts.hdbtable; reconciled with sanitized live HANA metadata in hana-production-readback-20260803.md.
BugService.DuplicateLinks (draft),BugService_DuplicateLinks_drafts,relationType_code,NVARCHAR(40),NO,YES,,idts.cap.DuplicateRelationTypes.code,CAP draft persistence for duplicate-link data exposed under a draft Bug.,CAP runtime / DonHV technical governance,"Temporary draft lifecycle; removed by activation, cancellation or draft cleanup.",srv/service.cds: BugService.DuplicateLinks draft composition,Production-style cds build --production artifact BugService.DuplicateLinks_drafts.hdbtable; reconciled with sanitized live HANA metadata in hana-production-readback-20260803.md.
BugService.DuplicateLinks (draft),BugService_DuplicateLinks_drafts,IsActiveEntity,BOOLEAN,NO,YES,,,CAP draft persistence for duplicate-link data exposed under a draft Bug.,CAP runtime / DonHV technical governance,"Temporary draft lifecycle; removed by activation, cancellation or draft cleanup.",srv/service.cds: BugService.DuplicateLinks draft composition,Production-style cds build --production artifact BugService.DuplicateLinks_drafts.hdbtable; reconciled with sanitized live HANA metadata in hana-production-readback-20260803.md.
BugService.DuplicateLinks (draft),BugService_DuplicateLinks_drafts,HasActiveEntity,BOOLEAN,NO,YES,,,CAP draft persistence for duplicate-link data exposed under a draft Bug.,CAP runtime / DonHV technical governance,"Temporary draft lifecycle; removed by activation, cancellation or draft cleanup.",srv/service.cds: BugService.DuplicateLinks draft composition,Production-style cds build --production artifact BugService.DuplicateLinks_drafts.hdbtable; reconciled with sanitized live HANA metadata in hana-production-readback-20260803.md.
BugService.DuplicateLinks (draft),BugService_DuplicateLinks_drafts,HasDraftEntity,BOOLEAN,NO,YES,,,CAP draft persistence for duplicate-link data exposed under a draft Bug.,CAP runtime / DonHV technical governance,"Temporary draft lifecycle; removed by activation, cancellation or draft cleanup.",srv/service.cds: BugService.DuplicateLinks draft composition,Production-style cds build --production artifact BugService.DuplicateLinks_drafts.hdbtable; reconciled with sanitized live HANA metadata in hana-production-readback-20260803.md.
BugService.DuplicateLinks (draft),BugService_DuplicateLinks_drafts,DraftAdministrativeData_DraftUUID,NVARCHAR(36),NO,NO,,DRAFT.DraftAdministrativeData.DraftUUID,CAP draft persistence for duplicate-link data exposed under a draft Bug.,CAP runtime / DonHV technical governance,"Temporary draft lifecycle; removed by activation, cancellation or draft cleanup.",srv/service.cds: BugService.DuplicateLinks draft composition,Production-style cds build --production artifact BugService.DuplicateLinks_drafts.hdbtable; reconciled with sanitized live HANA metadata in hana-production-readback-20260803.md.
BugService.HistoryEvents (draft),BugService_HistoryEvents_drafts,ID,NVARCHAR(36),YES,NO,,,CAP-generated draft artifact for the history-event projection.,CAP runtime / DonHV technical governance,"Temporary draft lifecycle; removed by activation, cancellation or draft cleanup.",srv/service.cds: BugService.HistoryEvents draft composition,Production-style cds build --production artifact BugService.HistoryEvents_drafts.hdbtable; reconciled with sanitized live HANA metadata in hana-production-readback-20260803.md.
BugService.HistoryEvents (draft),BugService_HistoryEvents_drafts,createdAt,TIMESTAMP,NO,YES,,,CAP-generated draft artifact for the history-event projection.,CAP runtime / DonHV technical governance,"Temporary draft lifecycle; removed by activation, cancellation or draft cleanup.",srv/service.cds: BugService.HistoryEvents draft composition,Production-style cds build --production artifact BugService.HistoryEvents_drafts.hdbtable; reconciled with sanitized live HANA metadata in hana-production-readback-20260803.md.
BugService.HistoryEvents (draft),BugService_HistoryEvents_drafts,createdBy,NVARCHAR(255),NO,YES,,,CAP-generated draft artifact for the history-event projection.,CAP runtime / DonHV technical governance,"Temporary draft lifecycle; removed by activation, cancellation or draft cleanup.",srv/service.cds: BugService.HistoryEvents draft composition,Production-style cds build --production artifact BugService.HistoryEvents_drafts.hdbtable; reconciled with sanitized live HANA metadata in hana-production-readback-20260803.md.
BugService.HistoryEvents (draft),BugService_HistoryEvents_drafts,modifiedAt,TIMESTAMP,NO,YES,,,CAP-generated draft artifact for the history-event projection.,CAP runtime / DonHV technical governance,"Temporary draft lifecycle; removed by activation, cancellation or draft cleanup.",srv/service.cds: BugService.HistoryEvents draft composition,Production-style cds build --production artifact BugService.HistoryEvents_drafts.hdbtable; reconciled with sanitized live HANA metadata in hana-production-readback-20260803.md.
BugService.HistoryEvents (draft),BugService_HistoryEvents_drafts,modifiedBy,NVARCHAR(255),NO,YES,,,CAP-generated draft artifact for the history-event projection.,CAP runtime / DonHV technical governance,"Temporary draft lifecycle; removed by activation, cancellation or draft cleanup.",srv/service.cds: BugService.HistoryEvents draft composition,Production-style cds build --production artifact BugService.HistoryEvents_drafts.hdbtable; reconciled with sanitized live HANA metadata in hana-production-readback-20260803.md.
BugService.HistoryEvents (draft),BugService_HistoryEvents_drafts,bug_ID,NVARCHAR(36),NO,YES,,idts.cap.Bugs.ID,CAP-generated draft artifact for the history-event projection.,CAP runtime / DonHV technical governance,"Temporary draft lifecycle; removed by activation, cancellation or draft cleanup.",srv/service.cds: BugService.HistoryEvents draft composition,Production-style cds build --production artifact BugService.HistoryEvents_drafts.hdbtable; reconciled with sanitized live HANA metadata in hana-production-readback-20260803.md.
BugService.HistoryEvents (draft),BugService_HistoryEvents_drafts,actor_ID,NVARCHAR(36),NO,YES,,idts.cap.Users.ID,CAP-generated draft artifact for the history-event projection.,CAP runtime / DonHV technical governance,"Temporary draft lifecycle; removed by activation, cancellation or draft cleanup.",srv/service.cds: BugService.HistoryEvents draft composition,Production-style cds build --production artifact BugService.HistoryEvents_drafts.hdbtable; reconciled with sanitized live HANA metadata in hana-production-readback-20260803.md.
BugService.HistoryEvents (draft),BugService_HistoryEvents_drafts,actorRole_code,NVARCHAR(40),NO,YES,,idts.cap.UserRoles.code,CAP-generated draft artifact for the history-event projection.,CAP runtime / DonHV technical governance,"Temporary draft lifecycle; removed by activation, cancellation or draft cleanup.",srv/service.cds: BugService.HistoryEvents draft composition,Production-style cds build --production artifact BugService.HistoryEvents_drafts.hdbtable; reconciled with sanitized live HANA metadata in hana-production-readback-20260803.md.
BugService.HistoryEvents (draft),BugService_HistoryEvents_drafts,actionType_code,NVARCHAR(40),NO,YES,,idts.cap.ActionTypes.code,CAP-generated draft artifact for the history-event projection.,CAP runtime / DonHV technical governance,"Temporary draft lifecycle; removed by activation, cancellation or draft cleanup.",srv/service.cds: BugService.HistoryEvents draft composition,Production-style cds build --production artifact BugService.HistoryEvents_drafts.hdbtable; reconciled with sanitized live HANA metadata in hana-production-readback-20260803.md.
BugService.HistoryEvents (draft),BugService_HistoryEvents_drafts,summary,NVARCHAR(500),NO,YES,,,CAP-generated draft artifact for the history-event projection.,CAP runtime / DonHV technical governance,"Temporary draft lifecycle; removed by activation, cancellation or draft cleanup.",srv/service.cds: BugService.HistoryEvents draft composition,Production-style cds build --production artifact BugService.HistoryEvents_drafts.hdbtable; reconciled with sanitized live HANA metadata in hana-production-readback-20260803.md.
BugService.HistoryEvents (draft),BugService_HistoryEvents_drafts,reason,NCLOB,NO,YES,,,CAP-generated draft artifact for the history-event projection.,CAP runtime / DonHV technical governance,"Temporary draft lifecycle; removed by activation, cancellation or draft cleanup.",srv/service.cds: BugService.HistoryEvents draft composition,Production-style cds build --production artifact BugService.HistoryEvents_drafts.hdbtable; reconciled with sanitized live HANA metadata in hana-production-readback-20260803.md.
BugService.HistoryEvents (draft),BugService_HistoryEvents_drafts,actorDisplayName,NVARCHAR(120),NO,YES,,,CAP-generated draft artifact for the history-event projection.,CAP runtime / DonHV technical governance,"Temporary draft lifecycle; removed by activation, cancellation or draft cleanup.",srv/service.cds: BugService.HistoryEvents draft composition,Production-style cds build --production artifact BugService.HistoryEvents_drafts.hdbtable; reconciled with sanitized live HANA metadata in hana-production-readback-20260803.md.
BugService.HistoryEvents (draft),BugService_HistoryEvents_drafts,actorRoleName,NVARCHAR(120),NO,YES,,,CAP-generated draft artifact for the history-event projection.,CAP runtime / DonHV technical governance,"Temporary draft lifecycle; removed by activation, cancellation or draft cleanup.",srv/service.cds: BugService.HistoryEvents draft composition,Production-style cds build --production artifact BugService.HistoryEvents_drafts.hdbtable; reconciled with sanitized live HANA metadata in hana-production-readback-20260803.md.
BugService.HistoryEvents (draft),BugService_HistoryEvents_drafts,actionTypeName,NVARCHAR(120),NO,YES,,,CAP-generated draft artifact for the history-event projection.,CAP runtime / DonHV technical governance,"Temporary draft lifecycle; removed by activation, cancellation or draft cleanup.",srv/service.cds: BugService.HistoryEvents draft composition,Production-style cds build --production artifact BugService.HistoryEvents_drafts.hdbtable; reconciled with sanitized live HANA metadata in hana-production-readback-20260803.md.
BugService.HistoryEvents (draft),BugService_HistoryEvents_drafts,IsActiveEntity,BOOLEAN,NO,YES,,,CAP-generated draft artifact for the history-event projection.,CAP runtime / DonHV technical governance,"Temporary draft lifecycle; removed by activation, cancellation or draft cleanup.",srv/service.cds: BugService.HistoryEvents draft composition,Production-style cds build --production artifact BugService.HistoryEvents_drafts.hdbtable; reconciled with sanitized live HANA metadata in hana-production-readback-20260803.md.
BugService.HistoryEvents (draft),BugService_HistoryEvents_drafts,HasActiveEntity,BOOLEAN,NO,YES,,,CAP-generated draft artifact for the history-event projection.,CAP runtime / DonHV technical governance,"Temporary draft lifecycle; removed by activation, cancellation or draft cleanup.",srv/service.cds: BugService.HistoryEvents draft composition,Production-style cds build --production artifact BugService.HistoryEvents_drafts.hdbtable; reconciled with sanitized live HANA metadata in hana-production-readback-20260803.md.
BugService.HistoryEvents (draft),BugService_HistoryEvents_drafts,HasDraftEntity,BOOLEAN,NO,YES,,,CAP-generated draft artifact for the history-event projection.,CAP runtime / DonHV technical governance,"Temporary draft lifecycle; removed by activation, cancellation or draft cleanup.",srv/service.cds: BugService.HistoryEvents draft composition,Production-style cds build --production artifact BugService.HistoryEvents_drafts.hdbtable; reconciled with sanitized live HANA metadata in hana-production-readback-20260803.md.
BugService.HistoryEvents (draft),BugService_HistoryEvents_drafts,DraftAdministrativeData_DraftUUID,NVARCHAR(36),NO,NO,,DRAFT.DraftAdministrativeData.DraftUUID,CAP-generated draft artifact for the history-event projection.,CAP runtime / DonHV technical governance,"Temporary draft lifecycle; removed by activation, cancellation or draft cleanup.",srv/service.cds: BugService.HistoryEvents draft composition,Production-style cds build --production artifact BugService.HistoryEvents_drafts.hdbtable; reconciled with sanitized live HANA metadata in hana-production-readback-20260803.md.
BugService.HistoryLogs (draft),BugService_HistoryLogs_drafts,ID,NVARCHAR(36),YES,NO,,,CAP-generated draft artifact for field-level history-log projection.,CAP runtime / DonHV technical governance,"Temporary draft lifecycle; removed by activation, cancellation or draft cleanup.",srv/service.cds: BugService.HistoryLogs draft composition,Production-style cds build --production artifact BugService.HistoryLogs_drafts.hdbtable; reconciled with sanitized live HANA metadata in hana-production-readback-20260803.md.
BugService.HistoryLogs (draft),BugService_HistoryLogs_drafts,createdAt,TIMESTAMP,NO,YES,,,CAP-generated draft artifact for field-level history-log projection.,CAP runtime / DonHV technical governance,"Temporary draft lifecycle; removed by activation, cancellation or draft cleanup.",srv/service.cds: BugService.HistoryLogs draft composition,Production-style cds build --production artifact BugService.HistoryLogs_drafts.hdbtable; reconciled with sanitized live HANA metadata in hana-production-readback-20260803.md.
BugService.HistoryLogs (draft),BugService_HistoryLogs_drafts,createdBy,NVARCHAR(255),NO,YES,,,CAP-generated draft artifact for field-level history-log projection.,CAP runtime / DonHV technical governance,"Temporary draft lifecycle; removed by activation, cancellation or draft cleanup.",srv/service.cds: BugService.HistoryLogs draft composition,Production-style cds build --production artifact BugService.HistoryLogs_drafts.hdbtable; reconciled with sanitized live HANA metadata in hana-production-readback-20260803.md.
BugService.HistoryLogs (draft),BugService_HistoryLogs_drafts,modifiedAt,TIMESTAMP,NO,YES,,,CAP-generated draft artifact for field-level history-log projection.,CAP runtime / DonHV technical governance,"Temporary draft lifecycle; removed by activation, cancellation or draft cleanup.",srv/service.cds: BugService.HistoryLogs draft composition,Production-style cds build --production artifact BugService.HistoryLogs_drafts.hdbtable; reconciled with sanitized live HANA metadata in hana-production-readback-20260803.md.
BugService.HistoryLogs (draft),BugService_HistoryLogs_drafts,modifiedBy,NVARCHAR(255),NO,YES,,,CAP-generated draft artifact for field-level history-log projection.,CAP runtime / DonHV technical governance,"Temporary draft lifecycle; removed by activation, cancellation or draft cleanup.",srv/service.cds: BugService.HistoryLogs draft composition,Production-style cds build --production artifact BugService.HistoryLogs_drafts.hdbtable; reconciled with sanitized live HANA metadata in hana-production-readback-20260803.md.
BugService.HistoryLogs (draft),BugService_HistoryLogs_drafts,bug_ID,NVARCHAR(36),NO,YES,,idts.cap.Bugs.ID,CAP-generated draft artifact for field-level history-log projection.,CAP runtime / DonHV technical governance,"Temporary draft lifecycle; removed by activation, cancellation or draft cleanup.",srv/service.cds: BugService.HistoryLogs draft composition,Production-style cds build --production artifact BugService.HistoryLogs_drafts.hdbtable; reconciled with sanitized live HANA metadata in hana-production-readback-20260803.md.
BugService.HistoryLogs (draft),BugService_HistoryLogs_drafts,event_ID,NVARCHAR(36),NO,YES,,idts.cap.HistoryEvents.ID,CAP-generated draft artifact for field-level history-log projection.,CAP runtime / DonHV technical governance,"Temporary draft lifecycle; removed by activation, cancellation or draft cleanup.",srv/service.cds: BugService.HistoryLogs draft composition,Production-style cds build --production artifact BugService.HistoryLogs_drafts.hdbtable; reconciled with sanitized live HANA metadata in hana-production-readback-20260803.md.
BugService.HistoryLogs (draft),BugService_HistoryLogs_drafts,actor_ID,NVARCHAR(36),NO,YES,,idts.cap.Users.ID,CAP-generated draft artifact for field-level history-log projection.,CAP runtime / DonHV technical governance,"Temporary draft lifecycle; removed by activation, cancellation or draft cleanup.",srv/service.cds: BugService.HistoryLogs draft composition,Production-style cds build --production artifact BugService.HistoryLogs_drafts.hdbtable; reconciled with sanitized live HANA metadata in hana-production-readback-20260803.md.
BugService.HistoryLogs (draft),BugService_HistoryLogs_drafts,actorRole_code,NVARCHAR(40),NO,YES,,idts.cap.UserRoles.code,CAP-generated draft artifact for field-level history-log projection.,CAP runtime / DonHV technical governance,"Temporary draft lifecycle; removed by activation, cancellation or draft cleanup.",srv/service.cds: BugService.HistoryLogs draft composition,Production-style cds build --production artifact BugService.HistoryLogs_drafts.hdbtable; reconciled with sanitized live HANA metadata in hana-production-readback-20260803.md.
BugService.HistoryLogs (draft),BugService_HistoryLogs_drafts,actionType_code,NVARCHAR(40),NO,YES,,idts.cap.ActionTypes.code,CAP-generated draft artifact for field-level history-log projection.,CAP runtime / DonHV technical governance,"Temporary draft lifecycle; removed by activation, cancellation or draft cleanup.",srv/service.cds: BugService.HistoryLogs draft composition,Production-style cds build --production artifact BugService.HistoryLogs_drafts.hdbtable; reconciled with sanitized live HANA metadata in hana-production-readback-20260803.md.
BugService.HistoryLogs (draft),BugService_HistoryLogs_drafts,fieldName,NVARCHAR(80),NO,YES,,,CAP-generated draft artifact for field-level history-log projection.,CAP runtime / DonHV technical governance,"Temporary draft lifecycle; removed by activation, cancellation or draft cleanup.",srv/service.cds: BugService.HistoryLogs draft composition,Production-style cds build --production artifact BugService.HistoryLogs_drafts.hdbtable; reconciled with sanitized live HANA metadata in hana-production-readback-20260803.md.
BugService.HistoryLogs (draft),BugService_HistoryLogs_drafts,fieldLabel,NVARCHAR(120),NO,YES,,,CAP-generated draft artifact for field-level history-log projection.,CAP runtime / DonHV technical governance,"Temporary draft lifecycle; removed by activation, cancellation or draft cleanup.",srv/service.cds: BugService.HistoryLogs draft composition,Production-style cds build --production artifact BugService.HistoryLogs_drafts.hdbtable; reconciled with sanitized live HANA metadata in hana-production-readback-20260803.md.
BugService.HistoryLogs (draft),BugService_HistoryLogs_drafts,oldValue,NVARCHAR(1000),NO,YES,,,CAP-generated draft artifact for field-level history-log projection.,CAP runtime / DonHV technical governance,"Temporary draft lifecycle; removed by activation, cancellation or draft cleanup.",srv/service.cds: BugService.HistoryLogs draft composition,Production-style cds build --production artifact BugService.HistoryLogs_drafts.hdbtable; reconciled with sanitized live HANA metadata in hana-production-readback-20260803.md.
BugService.HistoryLogs (draft),BugService_HistoryLogs_drafts,oldValueDisplay,NVARCHAR(1000),NO,YES,,,CAP-generated draft artifact for field-level history-log projection.,CAP runtime / DonHV technical governance,"Temporary draft lifecycle; removed by activation, cancellation or draft cleanup.",srv/service.cds: BugService.HistoryLogs draft composition,Production-style cds build --production artifact BugService.HistoryLogs_drafts.hdbtable; reconciled with sanitized live HANA metadata in hana-production-readback-20260803.md.
BugService.HistoryLogs (draft),BugService_HistoryLogs_drafts,newValue,NVARCHAR(1000),NO,YES,,,CAP-generated draft artifact for field-level history-log projection.,CAP runtime / DonHV technical governance,"Temporary draft lifecycle; removed by activation, cancellation or draft cleanup.",srv/service.cds: BugService.HistoryLogs draft composition,Production-style cds build --production artifact BugService.HistoryLogs_drafts.hdbtable; reconciled with sanitized live HANA metadata in hana-production-readback-20260803.md.
BugService.HistoryLogs (draft),BugService_HistoryLogs_drafts,newValueDisplay,NVARCHAR(1000),NO,YES,,,CAP-generated draft artifact for field-level history-log projection.,CAP runtime / DonHV technical governance,"Temporary draft lifecycle; removed by activation, cancellation or draft cleanup.",srv/service.cds: BugService.HistoryLogs draft composition,Production-style cds build --production artifact BugService.HistoryLogs_drafts.hdbtable; reconciled with sanitized live HANA metadata in hana-production-readback-20260803.md.
BugService.HistoryLogs (draft),BugService_HistoryLogs_drafts,reason,NCLOB,NO,YES,,,CAP-generated draft artifact for field-level history-log projection.,CAP runtime / DonHV technical governance,"Temporary draft lifecycle; removed by activation, cancellation or draft cleanup.",srv/service.cds: BugService.HistoryLogs draft composition,Production-style cds build --production artifact BugService.HistoryLogs_drafts.hdbtable; reconciled with sanitized live HANA metadata in hana-production-readback-20260803.md.
BugService.HistoryLogs (draft),BugService_HistoryLogs_drafts,actorDisplayName,NVARCHAR(120),NO,YES,,,CAP-generated draft artifact for field-level history-log projection.,CAP runtime / DonHV technical governance,"Temporary draft lifecycle; removed by activation, cancellation or draft cleanup.",srv/service.cds: BugService.HistoryLogs draft composition,Production-style cds build --production artifact BugService.HistoryLogs_drafts.hdbtable; reconciled with sanitized live HANA metadata in hana-production-readback-20260803.md.
BugService.HistoryLogs (draft),BugService_HistoryLogs_drafts,actorRoleName,NVARCHAR(120),NO,YES,,,CAP-generated draft artifact for field-level history-log projection.,CAP runtime / DonHV technical governance,"Temporary draft lifecycle; removed by activation, cancellation or draft cleanup.",srv/service.cds: BugService.HistoryLogs draft composition,Production-style cds build --production artifact BugService.HistoryLogs_drafts.hdbtable; reconciled with sanitized live HANA metadata in hana-production-readback-20260803.md.
BugService.HistoryLogs (draft),BugService_HistoryLogs_drafts,actionTypeName,NVARCHAR(120),NO,YES,,,CAP-generated draft artifact for field-level history-log projection.,CAP runtime / DonHV technical governance,"Temporary draft lifecycle; removed by activation, cancellation or draft cleanup.",srv/service.cds: BugService.HistoryLogs draft composition,Production-style cds build --production artifact BugService.HistoryLogs_drafts.hdbtable; reconciled with sanitized live HANA metadata in hana-production-readback-20260803.md.
BugService.HistoryLogs (draft),BugService_HistoryLogs_drafts,historyEventSummary,NVARCHAR(500),NO,YES,,,CAP-generated draft artifact for field-level history-log projection.,CAP runtime / DonHV technical governance,"Temporary draft lifecycle; removed by activation, cancellation or draft cleanup.",srv/service.cds: BugService.HistoryLogs draft composition,Production-style cds build --production artifact BugService.HistoryLogs_drafts.hdbtable; reconciled with sanitized live HANA metadata in hana-production-readback-20260803.md.
BugService.HistoryLogs (draft),BugService_HistoryLogs_drafts,IsActiveEntity,BOOLEAN,NO,YES,,,CAP-generated draft artifact for field-level history-log projection.,CAP runtime / DonHV technical governance,"Temporary draft lifecycle; removed by activation, cancellation or draft cleanup.",srv/service.cds: BugService.HistoryLogs draft composition,Production-style cds build --production artifact BugService.HistoryLogs_drafts.hdbtable; reconciled with sanitized live HANA metadata in hana-production-readback-20260803.md.
BugService.HistoryLogs (draft),BugService_HistoryLogs_drafts,HasActiveEntity,BOOLEAN,NO,YES,,,CAP-generated draft artifact for field-level history-log projection.,CAP runtime / DonHV technical governance,"Temporary draft lifecycle; removed by activation, cancellation or draft cleanup.",srv/service.cds: BugService.HistoryLogs draft composition,Production-style cds build --production artifact BugService.HistoryLogs_drafts.hdbtable; reconciled with sanitized live HANA metadata in hana-production-readback-20260803.md.
BugService.HistoryLogs (draft),BugService_HistoryLogs_drafts,HasDraftEntity,BOOLEAN,NO,YES,,,CAP-generated draft artifact for field-level history-log projection.,CAP runtime / DonHV technical governance,"Temporary draft lifecycle; removed by activation, cancellation or draft cleanup.",srv/service.cds: BugService.HistoryLogs draft composition,Production-style cds build --production artifact BugService.HistoryLogs_drafts.hdbtable; reconciled with sanitized live HANA metadata in hana-production-readback-20260803.md.
BugService.HistoryLogs (draft),BugService_HistoryLogs_drafts,DraftAdministrativeData_DraftUUID,NVARCHAR(36),NO,NO,,DRAFT.DraftAdministrativeData.DraftUUID,CAP-generated draft artifact for field-level history-log projection.,CAP runtime / DonHV technical governance,"Temporary draft lifecycle; removed by activation, cancellation or draft cleanup.",srv/service.cds: BugService.HistoryLogs draft composition,Production-style cds build --production artifact BugService.HistoryLogs_drafts.hdbtable; reconciled with sanitized live HANA metadata in hana-production-readback-20260803.md.
BugService.NotificationDeliveries (draft),BugService_NotificationDeliveries_drafts,ID,NVARCHAR(36),YES,NO,,,CAP-generated draft artifact for safe notification-delivery projection fields.,CAP runtime / DonHV technical governance,"Temporary draft lifecycle; removed by activation, cancellation or draft cleanup.",srv/service.cds: BugService.NotificationDeliveries draft projection,Production-style cds build --production artifact BugService.NotificationDeliveries_drafts.hdbtable; reconciled with sanitized live HANA metadata in hana-production-readback-20260803.md.
BugService.NotificationDeliveries (draft),BugService_NotificationDeliveries_drafts,createdAt,TIMESTAMP,NO,YES,,,CAP-generated draft artifact for safe notification-delivery projection fields.,CAP runtime / DonHV technical governance,"Temporary draft lifecycle; removed by activation, cancellation or draft cleanup.",srv/service.cds: BugService.NotificationDeliveries draft projection,Production-style cds build --production artifact BugService.NotificationDeliveries_drafts.hdbtable; reconciled with sanitized live HANA metadata in hana-production-readback-20260803.md.
BugService.NotificationDeliveries (draft),BugService_NotificationDeliveries_drafts,modifiedAt,TIMESTAMP,NO,YES,,,CAP-generated draft artifact for safe notification-delivery projection fields.,CAP runtime / DonHV technical governance,"Temporary draft lifecycle; removed by activation, cancellation or draft cleanup.",srv/service.cds: BugService.NotificationDeliveries draft projection,Production-style cds build --production artifact BugService.NotificationDeliveries_drafts.hdbtable; reconciled with sanitized live HANA metadata in hana-production-readback-20260803.md.
BugService.NotificationDeliveries (draft),BugService_NotificationDeliveries_drafts,notification_ID,NVARCHAR(36),NO,YES,,idts.cap.Notifications.ID,CAP-generated draft artifact for safe notification-delivery projection fields.,CAP runtime / DonHV technical governance,"Temporary draft lifecycle; removed by activation, cancellation or draft cleanup.",srv/service.cds: BugService.NotificationDeliveries draft projection,Production-style cds build --production artifact BugService.NotificationDeliveries_drafts.hdbtable; reconciled with sanitized live HANA metadata in hana-production-readback-20260803.md.
BugService.NotificationDeliveries (draft),BugService_NotificationDeliveries_drafts,channel_code,NVARCHAR(40),NO,YES,,idts.cap.NotificationChannels.code,CAP-generated draft artifact for safe notification-delivery projection fields.,CAP runtime / DonHV technical governance,"Temporary draft lifecycle; removed by activation, cancellation or draft cleanup.",srv/service.cds: BugService.NotificationDeliveries draft projection,Production-style cds build --production artifact BugService.NotificationDeliveries_drafts.hdbtable; reconciled with sanitized live HANA metadata in hana-production-readback-20260803.md.
BugService.NotificationDeliveries (draft),BugService_NotificationDeliveries_drafts,recipientEmail,NVARCHAR(255),NO,YES,,,CAP-generated draft artifact for safe notification-delivery projection fields.,CAP runtime / DonHV technical governance,"Temporary draft lifecycle; removed by activation, cancellation or draft cleanup.",srv/service.cds: BugService.NotificationDeliveries draft projection,Production-style cds build --production artifact BugService.NotificationDeliveries_drafts.hdbtable; reconciled with sanitized live HANA metadata in hana-production-readback-20260803.md.
BugService.NotificationDeliveries (draft),BugService_NotificationDeliveries_drafts,templateKey,NVARCHAR(80),NO,YES,,,CAP-generated draft artifact for safe notification-delivery projection fields.,CAP runtime / DonHV technical governance,"Temporary draft lifecycle; removed by activation, cancellation or draft cleanup.",srv/service.cds: BugService.NotificationDeliveries draft projection,Production-style cds build --production artifact BugService.NotificationDeliveries_drafts.hdbtable; reconciled with sanitized live HANA metadata in hana-production-readback-20260803.md.
BugService.NotificationDeliveries (draft),BugService_NotificationDeliveries_drafts,subject,NVARCHAR(255),NO,YES,,,CAP-generated draft artifact for safe notification-delivery projection fields.,CAP runtime / DonHV technical governance,"Temporary draft lifecycle; removed by activation, cancellation or draft cleanup.",srv/service.cds: BugService.NotificationDeliveries draft projection,Production-style cds build --production artifact BugService.NotificationDeliveries_drafts.hdbtable; reconciled with sanitized live HANA metadata in hana-production-readback-20260803.md.
BugService.NotificationDeliveries (draft),BugService_NotificationDeliveries_drafts,status_code,NVARCHAR(40),NO,YES,,idts.cap.NotificationDeliveryStatuses.code,CAP-generated draft artifact for safe notification-delivery projection fields.,CAP runtime / DonHV technical governance,"Temporary draft lifecycle; removed by activation, cancellation or draft cleanup.",srv/service.cds: BugService.NotificationDeliveries draft projection,Production-style cds build --production artifact BugService.NotificationDeliveries_drafts.hdbtable; reconciled with sanitized live HANA metadata in hana-production-readback-20260803.md.
BugService.NotificationDeliveries (draft),BugService_NotificationDeliveries_drafts,attemptCount,INTEGER,NO,YES,0,,CAP-generated draft artifact for safe notification-delivery projection fields.,CAP runtime / DonHV technical governance,"Temporary draft lifecycle; removed by activation, cancellation or draft cleanup.",srv/service.cds: BugService.NotificationDeliveries draft projection,Production-style cds build --production artifact BugService.NotificationDeliveries_drafts.hdbtable; reconciled with sanitized live HANA metadata in hana-production-readback-20260803.md.
BugService.NotificationDeliveries (draft),BugService_NotificationDeliveries_drafts,nextAttemptAt,TIMESTAMP,NO,YES,,,CAP-generated draft artifact for safe notification-delivery projection fields.,CAP runtime / DonHV technical governance,"Temporary draft lifecycle; removed by activation, cancellation or draft cleanup.",srv/service.cds: BugService.NotificationDeliveries draft projection,Production-style cds build --production artifact BugService.NotificationDeliveries_drafts.hdbtable; reconciled with sanitized live HANA metadata in hana-production-readback-20260803.md.
BugService.NotificationDeliveries (draft),BugService_NotificationDeliveries_drafts,lastAttemptAt,TIMESTAMP,NO,YES,,,CAP-generated draft artifact for safe notification-delivery projection fields.,CAP runtime / DonHV technical governance,"Temporary draft lifecycle; removed by activation, cancellation or draft cleanup.",srv/service.cds: BugService.NotificationDeliveries draft projection,Production-style cds build --production artifact BugService.NotificationDeliveries_drafts.hdbtable; reconciled with sanitized live HANA metadata in hana-production-readback-20260803.md.
BugService.NotificationDeliveries (draft),BugService_NotificationDeliveries_drafts,sentAt,TIMESTAMP,NO,YES,,,CAP-generated draft artifact for safe notification-delivery projection fields.,CAP runtime / DonHV technical governance,"Temporary draft lifecycle; removed by activation, cancellation or draft cleanup.",srv/service.cds: BugService.NotificationDeliveries draft projection,Production-style cds build --production artifact BugService.NotificationDeliveries_drafts.hdbtable; reconciled with sanitized live HANA metadata in hana-production-readback-20260803.md.
BugService.NotificationDeliveries (draft),BugService_NotificationDeliveries_drafts,lastErrorCode,NVARCHAR(80),NO,YES,,,CAP-generated draft artifact for safe notification-delivery projection fields.,CAP runtime / DonHV technical governance,"Temporary draft lifecycle; removed by activation, cancellation or draft cleanup.",srv/service.cds: BugService.NotificationDeliveries draft projection,Production-style cds build --production artifact BugService.NotificationDeliveries_drafts.hdbtable; reconciled with sanitized live HANA metadata in hana-production-readback-20260803.md.
BugService.NotificationDeliveries (draft),BugService_NotificationDeliveries_drafts,lastErrorSummary,NVARCHAR(500),NO,YES,,,CAP-generated draft artifact for safe notification-delivery projection fields.,CAP runtime / DonHV technical governance,"Temporary draft lifecycle; removed by activation, cancellation or draft cleanup.",srv/service.cds: BugService.NotificationDeliveries draft projection,Production-style cds build --production artifact BugService.NotificationDeliveries_drafts.hdbtable; reconciled with sanitized live HANA metadata in hana-production-readback-20260803.md.
BugService.NotificationDeliveries (draft),BugService_NotificationDeliveries_drafts,providerMessageId,NVARCHAR(255),NO,YES,,,CAP-generated draft artifact for safe notification-delivery projection fields.,CAP runtime / DonHV technical governance,"Temporary draft lifecycle; removed by activation, cancellation or draft cleanup.",srv/service.cds: BugService.NotificationDeliveries draft projection,Production-style cds build --production artifact BugService.NotificationDeliveries_drafts.hdbtable; reconciled with sanitized live HANA metadata in hana-production-readback-20260803.md.
BugService.NotificationDeliveries (draft),BugService_NotificationDeliveries_drafts,IsActiveEntity,BOOLEAN,NO,YES,,,CAP-generated draft artifact for safe notification-delivery projection fields.,CAP runtime / DonHV technical governance,"Temporary draft lifecycle; removed by activation, cancellation or draft cleanup.",srv/service.cds: BugService.NotificationDeliveries draft projection,Production-style cds build --production artifact BugService.NotificationDeliveries_drafts.hdbtable; reconciled with sanitized live HANA metadata in hana-production-readback-20260803.md.
BugService.NotificationDeliveries (draft),BugService_NotificationDeliveries_drafts,HasActiveEntity,BOOLEAN,NO,YES,,,CAP-generated draft artifact for safe notification-delivery projection fields.,CAP runtime / DonHV technical governance,"Temporary draft lifecycle; removed by activation, cancellation or draft cleanup.",srv/service.cds: BugService.NotificationDeliveries draft projection,Production-style cds build --production artifact BugService.NotificationDeliveries_drafts.hdbtable; reconciled with sanitized live HANA metadata in hana-production-readback-20260803.md.
BugService.NotificationDeliveries (draft),BugService_NotificationDeliveries_drafts,HasDraftEntity,BOOLEAN,NO,YES,,,CAP-generated draft artifact for safe notification-delivery projection fields.,CAP runtime / DonHV technical governance,"Temporary draft lifecycle; removed by activation, cancellation or draft cleanup.",srv/service.cds: BugService.NotificationDeliveries draft projection,Production-style cds build --production artifact BugService.NotificationDeliveries_drafts.hdbtable; reconciled with sanitized live HANA metadata in hana-production-readback-20260803.md.
BugService.NotificationDeliveries (draft),BugService_NotificationDeliveries_drafts,DraftAdministrativeData_DraftUUID,NVARCHAR(36),NO,NO,,DRAFT.DraftAdministrativeData.DraftUUID,CAP-generated draft artifact for safe notification-delivery projection fields.,CAP runtime / DonHV technical governance,"Temporary draft lifecycle; removed by activation, cancellation or draft cleanup.",srv/service.cds: BugService.NotificationDeliveries draft projection,Production-style cds build --production artifact BugService.NotificationDeliveries_drafts.hdbtable; reconciled with sanitized live HANA metadata in hana-production-readback-20260803.md.
BugService.Notifications (draft),BugService_Notifications_drafts,ID,NVARCHAR(36),YES,NO,,,CAP draft persistence for notifications composed under a draft Bug.,CAP runtime / DonHV technical governance,"Temporary draft lifecycle; removed by activation, cancellation or draft cleanup.",srv/service.cds: BugService.Notifications draft composition,Production-style cds build --production artifact BugService.Notifications_drafts.hdbtable; reconciled with sanitized live HANA metadata in hana-production-readback-20260803.md.
BugService.Notifications (draft),BugService_Notifications_drafts,createdAt,TIMESTAMP,NO,YES,,,CAP draft persistence for notifications composed under a draft Bug.,CAP runtime / DonHV technical governance,"Temporary draft lifecycle; removed by activation, cancellation or draft cleanup.",srv/service.cds: BugService.Notifications draft composition,Production-style cds build --production artifact BugService.Notifications_drafts.hdbtable; reconciled with sanitized live HANA metadata in hana-production-readback-20260803.md.
BugService.Notifications (draft),BugService_Notifications_drafts,createdBy,NVARCHAR(255),NO,YES,,,CAP draft persistence for notifications composed under a draft Bug.,CAP runtime / DonHV technical governance,"Temporary draft lifecycle; removed by activation, cancellation or draft cleanup.",srv/service.cds: BugService.Notifications draft composition,Production-style cds build --production artifact BugService.Notifications_drafts.hdbtable; reconciled with sanitized live HANA metadata in hana-production-readback-20260803.md.
BugService.Notifications (draft),BugService_Notifications_drafts,modifiedAt,TIMESTAMP,NO,YES,,,CAP draft persistence for notifications composed under a draft Bug.,CAP runtime / DonHV technical governance,"Temporary draft lifecycle; removed by activation, cancellation or draft cleanup.",srv/service.cds: BugService.Notifications draft composition,Production-style cds build --production artifact BugService.Notifications_drafts.hdbtable; reconciled with sanitized live HANA metadata in hana-production-readback-20260803.md.
BugService.Notifications (draft),BugService_Notifications_drafts,modifiedBy,NVARCHAR(255),NO,YES,,,CAP draft persistence for notifications composed under a draft Bug.,CAP runtime / DonHV technical governance,"Temporary draft lifecycle; removed by activation, cancellation or draft cleanup.",srv/service.cds: BugService.Notifications draft composition,Production-style cds build --production artifact BugService.Notifications_drafts.hdbtable; reconciled with sanitized live HANA metadata in hana-production-readback-20260803.md.
BugService.Notifications (draft),BugService_Notifications_drafts,bug_ID,NVARCHAR(36),NO,YES,,idts.cap.Bugs.ID,CAP draft persistence for notifications composed under a draft Bug.,CAP runtime / DonHV technical governance,"Temporary draft lifecycle; removed by activation, cancellation or draft cleanup.",srv/service.cds: BugService.Notifications draft composition,Production-style cds build --production artifact BugService.Notifications_drafts.hdbtable; reconciled with sanitized live HANA metadata in hana-production-readback-20260803.md.
BugService.Notifications (draft),BugService_Notifications_drafts,recipient_ID,NVARCHAR(36),NO,YES,,idts.cap.Users.ID,CAP draft persistence for notifications composed under a draft Bug.,CAP runtime / DonHV technical governance,"Temporary draft lifecycle; removed by activation, cancellation or draft cleanup.",srv/service.cds: BugService.Notifications draft composition,Production-style cds build --production artifact BugService.Notifications_drafts.hdbtable; reconciled with sanitized live HANA metadata in hana-production-readback-20260803.md.
BugService.Notifications (draft),BugService_Notifications_drafts,eventType_code,NVARCHAR(40),NO,YES,,idts.cap.NotificationEventTypes.code,CAP draft persistence for notifications composed under a draft Bug.,CAP runtime / DonHV technical governance,"Temporary draft lifecycle; removed by activation, cancellation or draft cleanup.",srv/service.cds: BugService.Notifications draft composition,Production-style cds build --production artifact BugService.Notifications_drafts.hdbtable; reconciled with sanitized live HANA metadata in hana-production-readback-20260803.md.
BugService.Notifications (draft),BugService_Notifications_drafts,channel_code,NVARCHAR(40),NO,YES,,idts.cap.NotificationChannels.code,CAP draft persistence for notifications composed under a draft Bug.,CAP runtime / DonHV technical governance,"Temporary draft lifecycle; removed by activation, cancellation or draft cleanup.",srv/service.cds: BugService.Notifications draft composition,Production-style cds build --production artifact BugService.Notifications_drafts.hdbtable; reconciled with sanitized live HANA metadata in hana-production-readback-20260803.md.
BugService.Notifications (draft),BugService_Notifications_drafts,deliveryStatus_code,NVARCHAR(40),NO,YES,,idts.cap.NotificationDeliveryStatuses.code,CAP draft persistence for notifications composed under a draft Bug.,CAP runtime / DonHV technical governance,"Temporary draft lifecycle; removed by activation, cancellation or draft cleanup.",srv/service.cds: BugService.Notifications draft composition,Production-style cds build --production artifact BugService.Notifications_drafts.hdbtable; reconciled with sanitized live HANA metadata in hana-production-readback-20260803.md.
BugService.Notifications (draft),BugService_Notifications_drafts,message,NVARCHAR(500),NO,YES,,,CAP draft persistence for notifications composed under a draft Bug.,CAP runtime / DonHV technical governance,"Temporary draft lifecycle; removed by activation, cancellation or draft cleanup.",srv/service.cds: BugService.Notifications draft composition,Production-style cds build --production artifact BugService.Notifications_drafts.hdbtable; reconciled with sanitized live HANA metadata in hana-production-readback-20260803.md.
BugService.Notifications (draft),BugService_Notifications_drafts,sentAt,TIMESTAMP,NO,YES,,,CAP draft persistence for notifications composed under a draft Bug.,CAP runtime / DonHV technical governance,"Temporary draft lifecycle; removed by activation, cancellation or draft cleanup.",srv/service.cds: BugService.Notifications draft composition,Production-style cds build --production artifact BugService.Notifications_drafts.hdbtable; reconciled with sanitized live HANA metadata in hana-production-readback-20260803.md.
BugService.Notifications (draft),BugService_Notifications_drafts,recipientDisplayName,NVARCHAR(120),NO,YES,,,CAP draft persistence for notifications composed under a draft Bug.,CAP runtime / DonHV technical governance,"Temporary draft lifecycle; removed by activation, cancellation or draft cleanup.",srv/service.cds: BugService.Notifications draft composition,Production-style cds build --production artifact BugService.Notifications_drafts.hdbtable; reconciled with sanitized live HANA metadata in hana-production-readback-20260803.md.
BugService.Notifications (draft),BugService_Notifications_drafts,eventTypeName,NVARCHAR(120),NO,YES,,,CAP draft persistence for notifications composed under a draft Bug.,CAP runtime / DonHV technical governance,"Temporary draft lifecycle; removed by activation, cancellation or draft cleanup.",srv/service.cds: BugService.Notifications draft composition,Production-style cds build --production artifact BugService.Notifications_drafts.hdbtable; reconciled with sanitized live HANA metadata in hana-production-readback-20260803.md.
BugService.Notifications (draft),BugService_Notifications_drafts,channelName,NVARCHAR(120),NO,YES,,,CAP draft persistence for notifications composed under a draft Bug.,CAP runtime / DonHV technical governance,"Temporary draft lifecycle; removed by activation, cancellation or draft cleanup.",srv/service.cds: BugService.Notifications draft composition,Production-style cds build --production artifact BugService.Notifications_drafts.hdbtable; reconciled with sanitized live HANA metadata in hana-production-readback-20260803.md.
BugService.Notifications (draft),BugService_Notifications_drafts,deliveryStatusName,NVARCHAR(120),NO,YES,,,CAP draft persistence for notifications composed under a draft Bug.,CAP runtime / DonHV technical governance,"Temporary draft lifecycle; removed by activation, cancellation or draft cleanup.",srv/service.cds: BugService.Notifications draft composition,Production-style cds build --production artifact BugService.Notifications_drafts.hdbtable; reconciled with sanitized live HANA metadata in hana-production-readback-20260803.md.
BugService.Notifications (draft),BugService_Notifications_drafts,deliveryStatusCriticality,INTEGER,NO,YES,,,CAP draft persistence for notifications composed under a draft Bug.,CAP runtime / DonHV technical governance,"Temporary draft lifecycle; removed by activation, cancellation or draft cleanup.",srv/service.cds: BugService.Notifications draft composition,Production-style cds build --production artifact BugService.Notifications_drafts.hdbtable; reconciled with sanitized live HANA metadata in hana-production-readback-20260803.md.
BugService.Notifications (draft),BugService_Notifications_drafts,IsActiveEntity,BOOLEAN,NO,YES,,,CAP draft persistence for notifications composed under a draft Bug.,CAP runtime / DonHV technical governance,"Temporary draft lifecycle; removed by activation, cancellation or draft cleanup.",srv/service.cds: BugService.Notifications draft composition,Production-style cds build --production artifact BugService.Notifications_drafts.hdbtable; reconciled with sanitized live HANA metadata in hana-production-readback-20260803.md.
BugService.Notifications (draft),BugService_Notifications_drafts,HasActiveEntity,BOOLEAN,NO,YES,,,CAP draft persistence for notifications composed under a draft Bug.,CAP runtime / DonHV technical governance,"Temporary draft lifecycle; removed by activation, cancellation or draft cleanup.",srv/service.cds: BugService.Notifications draft composition,Production-style cds build --production artifact BugService.Notifications_drafts.hdbtable; reconciled with sanitized live HANA metadata in hana-production-readback-20260803.md.
BugService.Notifications (draft),BugService_Notifications_drafts,HasDraftEntity,BOOLEAN,NO,YES,,,CAP draft persistence for notifications composed under a draft Bug.,CAP runtime / DonHV technical governance,"Temporary draft lifecycle; removed by activation, cancellation or draft cleanup.",srv/service.cds: BugService.Notifications draft composition,Production-style cds build --production artifact BugService.Notifications_drafts.hdbtable; reconciled with sanitized live HANA metadata in hana-production-readback-20260803.md.
BugService.Notifications (draft),BugService_Notifications_drafts,DraftAdministrativeData_DraftUUID,NVARCHAR(36),NO,NO,,DRAFT.DraftAdministrativeData.DraftUUID,CAP draft persistence for notifications composed under a draft Bug.,CAP runtime / DonHV technical governance,"Temporary draft lifecycle; removed by activation, cancellation or draft cleanup.",srv/service.cds: BugService.Notifications draft composition,Production-style cds build --production artifact BugService.Notifications_drafts.hdbtable; reconciled with sanitized live HANA metadata in hana-production-readback-20260803.md.
DRAFT.DraftAdministrativeData,DRAFT_DraftAdministrativeData,DraftUUID,NVARCHAR(36),YES,NO,,,"CAP administrative state for draft ownership, locking, creation and last-change tracking.",CAP runtime / DonHV technical governance,"Temporary draft lifecycle; removed by activation, cancellation or draft cleanup.",@sap/cds draft runtime model,Production-style cds build --production artifact DRAFT.DraftAdministrativeData.hdbtable; reconciled with sanitized live HANA metadata in hana-production-readback-20260803.md.
DRAFT.DraftAdministrativeData,DRAFT_DraftAdministrativeData,CreationDateTime,TIMESTAMP,NO,YES,,,"CAP administrative state for draft ownership, locking, creation and last-change tracking.",CAP runtime / DonHV technical governance,"Temporary draft lifecycle; removed by activation, cancellation or draft cleanup.",@sap/cds draft runtime model,Production-style cds build --production artifact DRAFT.DraftAdministrativeData.hdbtable; reconciled with sanitized live HANA metadata in hana-production-readback-20260803.md.
DRAFT.DraftAdministrativeData,DRAFT_DraftAdministrativeData,CreatedByUser,NVARCHAR(256),NO,YES,,,"CAP administrative state for draft ownership, locking, creation and last-change tracking.",CAP runtime / DonHV technical governance,"Temporary draft lifecycle; removed by activation, cancellation or draft cleanup.",@sap/cds draft runtime model,Production-style cds build --production artifact DRAFT.DraftAdministrativeData.hdbtable; reconciled with sanitized live HANA metadata in hana-production-readback-20260803.md.
DRAFT.DraftAdministrativeData,DRAFT_DraftAdministrativeData,CreatedByUserDescription,NVARCHAR(256),NO,YES,,,"CAP administrative state for draft ownership, locking, creation and last-change tracking.",CAP runtime / DonHV technical governance,"Temporary draft lifecycle; removed by activation, cancellation or draft cleanup.",@sap/cds draft runtime model,Production-style cds build --production artifact DRAFT.DraftAdministrativeData.hdbtable; reconciled with sanitized live HANA metadata in hana-production-readback-20260803.md.
DRAFT.DraftAdministrativeData,DRAFT_DraftAdministrativeData,DraftIsCreatedByMe,BOOLEAN,NO,YES,,,"CAP administrative state for draft ownership, locking, creation and last-change tracking.",CAP runtime / DonHV technical governance,"Temporary draft lifecycle; removed by activation, cancellation or draft cleanup.",@sap/cds draft runtime model,Production-style cds build --production artifact DRAFT.DraftAdministrativeData.hdbtable; reconciled with sanitized live HANA metadata in hana-production-readback-20260803.md.
DRAFT.DraftAdministrativeData,DRAFT_DraftAdministrativeData,LastChangeDateTime,TIMESTAMP,NO,YES,,,"CAP administrative state for draft ownership, locking, creation and last-change tracking.",CAP runtime / DonHV technical governance,"Temporary draft lifecycle; removed by activation, cancellation or draft cleanup.",@sap/cds draft runtime model,Production-style cds build --production artifact DRAFT.DraftAdministrativeData.hdbtable; reconciled with sanitized live HANA metadata in hana-production-readback-20260803.md.
DRAFT.DraftAdministrativeData,DRAFT_DraftAdministrativeData,LastChangedByUser,NVARCHAR(256),NO,YES,,,"CAP administrative state for draft ownership, locking, creation and last-change tracking.",CAP runtime / DonHV technical governance,"Temporary draft lifecycle; removed by activation, cancellation or draft cleanup.",@sap/cds draft runtime model,Production-style cds build --production artifact DRAFT.DraftAdministrativeData.hdbtable; reconciled with sanitized live HANA metadata in hana-production-readback-20260803.md.
DRAFT.DraftAdministrativeData,DRAFT_DraftAdministrativeData,LastChangedByUserDescription,NVARCHAR(256),NO,YES,,,"CAP administrative state for draft ownership, locking, creation and last-change tracking.",CAP runtime / DonHV technical governance,"Temporary draft lifecycle; removed by activation, cancellation or draft cleanup.",@sap/cds draft runtime model,Production-style cds build --production artifact DRAFT.DraftAdministrativeData.hdbtable; reconciled with sanitized live HANA metadata in hana-production-readback-20260803.md.
DRAFT.DraftAdministrativeData,DRAFT_DraftAdministrativeData,InProcessByUser,NVARCHAR(256),NO,YES,,,"CAP administrative state for draft ownership, locking, creation and last-change tracking.",CAP runtime / DonHV technical governance,"Temporary draft lifecycle; removed by activation, cancellation or draft cleanup.",@sap/cds draft runtime model,Production-style cds build --production artifact DRAFT.DraftAdministrativeData.hdbtable; reconciled with sanitized live HANA metadata in hana-production-readback-20260803.md.
DRAFT.DraftAdministrativeData,DRAFT_DraftAdministrativeData,InProcessByUserDescription,NVARCHAR(256),NO,YES,,,"CAP administrative state for draft ownership, locking, creation and last-change tracking.",CAP runtime / DonHV technical governance,"Temporary draft lifecycle; removed by activation, cancellation or draft cleanup.",@sap/cds draft runtime model,Production-style cds build --production artifact DRAFT.DraftAdministrativeData.hdbtable; reconciled with sanitized live HANA metadata in hana-production-readback-20260803.md.
DRAFT.DraftAdministrativeData,DRAFT_DraftAdministrativeData,DraftIsProcessedByMe,BOOLEAN,NO,YES,,,"CAP administrative state for draft ownership, locking, creation and last-change tracking.",CAP runtime / DonHV technical governance,"Temporary draft lifecycle; removed by activation, cancellation or draft cleanup.",@sap/cds draft runtime model,Production-style cds build --production artifact DRAFT.DraftAdministrativeData.hdbtable; reconciled with sanitized live HANA metadata in hana-production-readback-20260803.md.
DRAFT.DraftAdministrativeData,DRAFT_DraftAdministrativeData,DraftMessages,NCLOB,NO,YES,,,"CAP administrative state for draft ownership, locking, creation and last-change tracking.",CAP runtime / DonHV technical governance,"Temporary draft lifecycle; removed by activation, cancellation or draft cleanup.",@sap/cds draft runtime model,Production-style cds build --production artifact DRAFT.DraftAdministrativeData.hdbtable; reconciled with sanitized live HANA metadata in hana-production-readback-20260803.md.
cds.outbox.Messages,cds_outbox_Messages,ID,NVARCHAR(36),YES,NO,,,CAP transactional outbox framework storage; distinct from the custom IDTS NotificationDeliveries email outbox.,CAP runtime / DonHV technical governance,Project lifecycle or until an authorized retention/deletion rule applies.,@sap/cds/srv/outbox,Production-style cds build --production artifact cds.outbox.Messages.hdbtable; reconciled with sanitized live HANA metadata in hana-production-readback-20260803.md.
cds.outbox.Messages,cds_outbox_Messages,TIMESTAMP,TIMESTAMP,NO,YES,,,CAP transactional outbox framework storage; distinct from the custom IDTS NotificationDeliveries email outbox.,CAP runtime / DonHV technical governance,Project lifecycle or until an authorized retention/deletion rule applies.,@sap/cds/srv/outbox,Production-style cds build --production artifact cds.outbox.Messages.hdbtable; reconciled with sanitized live HANA metadata in hana-production-readback-20260803.md.
cds.outbox.Messages,cds_outbox_Messages,target,NVARCHAR(5000),NO,YES,,,CAP transactional outbox framework storage; distinct from the custom IDTS NotificationDeliveries email outbox.,CAP runtime / DonHV technical governance,Project lifecycle or until an authorized retention/deletion rule applies.,@sap/cds/srv/outbox,Production-style cds build --production artifact cds.outbox.Messages.hdbtable; reconciled with sanitized live HANA metadata in hana-production-readback-20260803.md.
cds.outbox.Messages,cds_outbox_Messages,msg,NCLOB,NO,YES,,,CAP transactional outbox framework storage; distinct from the custom IDTS NotificationDeliveries email outbox.,CAP runtime / DonHV technical governance,Project lifecycle or until an authorized retention/deletion rule applies.,@sap/cds/srv/outbox,Production-style cds build --production artifact cds.outbox.Messages.hdbtable; reconciled with sanitized live HANA metadata in hana-production-readback-20260803.md.
cds.outbox.Messages,cds_outbox_Messages,attempts,INTEGER,NO,YES,0,,CAP transactional outbox framework storage; distinct from the custom IDTS NotificationDeliveries email outbox.,CAP runtime / DonHV technical governance,Project lifecycle or until an authorized retention/deletion rule applies.,@sap/cds/srv/outbox,Production-style cds build --production artifact cds.outbox.Messages.hdbtable; reconciled with sanitized live HANA metadata in hana-production-readback-20260803.md.
cds.outbox.Messages,cds_outbox_Messages,partition,INTEGER,NO,YES,0,,CAP transactional outbox framework storage; distinct from the custom IDTS NotificationDeliveries email outbox.,CAP runtime / DonHV technical governance,Project lifecycle or until an authorized retention/deletion rule applies.,@sap/cds/srv/outbox,Production-style cds build --production artifact cds.outbox.Messages.hdbtable; reconciled with sanitized live HANA metadata in hana-production-readback-20260803.md.
cds.outbox.Messages,cds_outbox_Messages,lastError,NCLOB,NO,YES,,,CAP transactional outbox framework storage; distinct from the custom IDTS NotificationDeliveries email outbox.,CAP runtime / DonHV technical governance,Project lifecycle or until an authorized retention/deletion rule applies.,@sap/cds/srv/outbox,Production-style cds build --production artifact cds.outbox.Messages.hdbtable; reconciled with sanitized live HANA metadata in hana-production-readback-20260803.md.
cds.outbox.Messages,cds_outbox_Messages,lastAttemptTimestamp,TIMESTAMP,NO,YES,,,CAP transactional outbox framework storage; distinct from the custom IDTS NotificationDeliveries email outbox.,CAP runtime / DonHV technical governance,Project lifecycle or until an authorized retention/deletion rule applies.,@sap/cds/srv/outbox,Production-style cds build --production artifact cds.outbox.Messages.hdbtable; reconciled with sanitized live HANA metadata in hana-production-readback-20260803.md.
cds.outbox.Messages,cds_outbox_Messages,status,NVARCHAR(23),NO,YES,,,CAP transactional outbox framework storage; distinct from the custom IDTS NotificationDeliveries email outbox.,CAP runtime / DonHV technical governance,Project lifecycle or until an authorized retention/deletion rule applies.,@sap/cds/srv/outbox,Production-style cds build --production artifact cds.outbox.Messages.hdbtable; reconciled with sanitized live HANA metadata in hana-production-readback-20260803.md.
cds.outbox.Messages,cds_outbox_Messages,task,NVARCHAR(255),NO,YES,,,CAP transactional outbox framework storage; distinct from the custom IDTS NotificationDeliveries email outbox.,CAP runtime / DonHV technical governance,Project lifecycle or until an authorized retention/deletion rule applies.,@sap/cds/srv/outbox,Production-style cds build --production artifact cds.outbox.Messages.hdbtable; reconciled with sanitized live HANA metadata in hana-production-readback-20260803.md.
cds.outbox.Messages,cds_outbox_Messages,appid,NVARCHAR(255),NO,YES,,,CAP transactional outbox framework storage; distinct from the custom IDTS NotificationDeliveries email outbox.,CAP runtime / DonHV technical governance,Project lifecycle or until an authorized retention/deletion rule applies.,@sap/cds/srv/outbox,Production-style cds build --production artifact cds.outbox.Messages.hdbtable; reconciled with sanitized live HANA metadata in hana-production-readback-20260803.md.
idts.cap.ActionTypes,idts_cap_ActionTypes,code,NVARCHAR(40),YES,NO,,,Exact workflow and audit action type catalog.,PM / DonHV master-data governance,Project lifecycle or until an authorized business deletion applies.,db/schema.cds,Production-style cds build --production artifact idts.cap.ActionTypes.hdbtable; reconciled with sanitized live HANA metadata in hana-production-readback-20260803.md.
idts.cap.ActionTypes,idts_cap_ActionTypes,name,NVARCHAR(120),NO,NO,,,Exact workflow and audit action type catalog.,PM / DonHV master-data governance,Project lifecycle or until an authorized business deletion applies.,db/schema.cds,Production-style cds build --production artifact idts.cap.ActionTypes.hdbtable; reconciled with sanitized live HANA metadata in hana-production-readback-20260803.md.
idts.cap.ActionTypes,idts_cap_ActionTypes,descr,NVARCHAR(255),NO,YES,,,Exact workflow and audit action type catalog.,PM / DonHV master-data governance,Project lifecycle or until an authorized business deletion applies.,db/schema.cds,Production-style cds build --production artifact idts.cap.ActionTypes.hdbtable; reconciled with sanitized live HANA metadata in hana-production-readback-20260803.md.
idts.cap.ActionTypes,idts_cap_ActionTypes,sortOrder,INTEGER,NO,YES,,,Exact workflow and audit action type catalog.,PM / DonHV master-data governance,Project lifecycle or until an authorized business deletion applies.,db/schema.cds,Production-style cds build --production artifact idts.cap.ActionTypes.hdbtable; reconciled with sanitized live HANA metadata in hana-production-readback-20260803.md.
idts.cap.ActionTypes,idts_cap_ActionTypes,active,BOOLEAN,NO,YES,TRUE,,Exact workflow and audit action type catalog.,PM / DonHV master-data governance,Project lifecycle or until an authorized business deletion applies.,db/schema.cds,Production-style cds build --production artifact idts.cap.ActionTypes.hdbtable; reconciled with sanitized live HANA metadata in hana-production-readback-20260803.md.
idts.cap.ActionTypes,idts_cap_ActionTypes,criticality,INTEGER,NO,YES,,,Exact workflow and audit action type catalog.,PM / DonHV master-data governance,Project lifecycle or until an authorized business deletion applies.,db/schema.cds,Production-style cds build --production artifact idts.cap.ActionTypes.hdbtable; reconciled with sanitized live HANA metadata in hana-production-readback-20260803.md.
idts.cap.AiSuggestionFeatureTypes,idts_cap_AiSuggestionFeatureTypes,code,NVARCHAR(40),YES,NO,,,AI advisory feature catalog.,PM / DonHV master-data governance,Project lifecycle or until an authorized business deletion applies.,db/schema.cds,Production-style cds build --production artifact idts.cap.AiSuggestionFeatureTypes.hdbtable; reconciled with sanitized live HANA metadata in hana-production-readback-20260803.md.
idts.cap.AiSuggestionFeatureTypes,idts_cap_AiSuggestionFeatureTypes,name,NVARCHAR(120),NO,NO,,,AI advisory feature catalog.,PM / DonHV master-data governance,Project lifecycle or until an authorized business deletion applies.,db/schema.cds,Production-style cds build --production artifact idts.cap.AiSuggestionFeatureTypes.hdbtable; reconciled with sanitized live HANA metadata in hana-production-readback-20260803.md.
idts.cap.AiSuggestionFeatureTypes,idts_cap_AiSuggestionFeatureTypes,descr,NVARCHAR(255),NO,YES,,,AI advisory feature catalog.,PM / DonHV master-data governance,Project lifecycle or until an authorized business deletion applies.,db/schema.cds,Production-style cds build --production artifact idts.cap.AiSuggestionFeatureTypes.hdbtable; reconciled with sanitized live HANA metadata in hana-production-readback-20260803.md.
idts.cap.AiSuggestionFeatureTypes,idts_cap_AiSuggestionFeatureTypes,sortOrder,INTEGER,NO,YES,,,AI advisory feature catalog.,PM / DonHV master-data governance,Project lifecycle or until an authorized business deletion applies.,db/schema.cds,Production-style cds build --production artifact idts.cap.AiSuggestionFeatureTypes.hdbtable; reconciled with sanitized live HANA metadata in hana-production-readback-20260803.md.
idts.cap.AiSuggestionFeatureTypes,idts_cap_AiSuggestionFeatureTypes,active,BOOLEAN,NO,YES,TRUE,,AI advisory feature catalog.,PM / DonHV master-data governance,Project lifecycle or until an authorized business deletion applies.,db/schema.cds,Production-style cds build --production artifact idts.cap.AiSuggestionFeatureTypes.hdbtable; reconciled with sanitized live HANA metadata in hana-production-readback-20260803.md.
idts.cap.AiSuggestionFeatureTypes,idts_cap_AiSuggestionFeatureTypes,criticality,INTEGER,NO,YES,,,AI advisory feature catalog.,PM / DonHV master-data governance,Project lifecycle or until an authorized business deletion applies.,db/schema.cds,Production-style cds build --production artifact idts.cap.AiSuggestionFeatureTypes.hdbtable; reconciled with sanitized live HANA metadata in hana-production-readback-20260803.md.
idts.cap.AiSuggestionReviewStates,idts_cap_AiSuggestionReviewStates,code,NVARCHAR(40),YES,NO,,,Human review-state catalog for AI suggestions.,PM / DonHV master-data governance,Project lifecycle or until an authorized business deletion applies.,db/schema.cds,Production-style cds build --production artifact idts.cap.AiSuggestionReviewStates.hdbtable; reconciled with sanitized live HANA metadata in hana-production-readback-20260803.md.
idts.cap.AiSuggestionReviewStates,idts_cap_AiSuggestionReviewStates,name,NVARCHAR(120),NO,NO,,,Human review-state catalog for AI suggestions.,PM / DonHV master-data governance,Project lifecycle or until an authorized business deletion applies.,db/schema.cds,Production-style cds build --production artifact idts.cap.AiSuggestionReviewStates.hdbtable; reconciled with sanitized live HANA metadata in hana-production-readback-20260803.md.
idts.cap.AiSuggestionReviewStates,idts_cap_AiSuggestionReviewStates,descr,NVARCHAR(255),NO,YES,,,Human review-state catalog for AI suggestions.,PM / DonHV master-data governance,Project lifecycle or until an authorized business deletion applies.,db/schema.cds,Production-style cds build --production artifact idts.cap.AiSuggestionReviewStates.hdbtable; reconciled with sanitized live HANA metadata in hana-production-readback-20260803.md.
idts.cap.AiSuggestionReviewStates,idts_cap_AiSuggestionReviewStates,sortOrder,INTEGER,NO,YES,,,Human review-state catalog for AI suggestions.,PM / DonHV master-data governance,Project lifecycle or until an authorized business deletion applies.,db/schema.cds,Production-style cds build --production artifact idts.cap.AiSuggestionReviewStates.hdbtable; reconciled with sanitized live HANA metadata in hana-production-readback-20260803.md.
idts.cap.AiSuggestionReviewStates,idts_cap_AiSuggestionReviewStates,active,BOOLEAN,NO,YES,TRUE,,Human review-state catalog for AI suggestions.,PM / DonHV master-data governance,Project lifecycle or until an authorized business deletion applies.,db/schema.cds,Production-style cds build --production artifact idts.cap.AiSuggestionReviewStates.hdbtable; reconciled with sanitized live HANA metadata in hana-production-readback-20260803.md.
idts.cap.AiSuggestionReviewStates,idts_cap_AiSuggestionReviewStates,criticality,INTEGER,NO,YES,,,Human review-state catalog for AI suggestions.,PM / DonHV master-data governance,Project lifecycle or until an authorized business deletion applies.,db/schema.cds,Production-style cds build --production artifact idts.cap.AiSuggestionReviewStates.hdbtable; reconciled with sanitized live HANA metadata in hana-production-readback-20260803.md.
idts.cap.AiSuggestions,idts_cap_AiSuggestions,ID,NVARCHAR(36),YES,NO,,,Sanitized AI advisory audit record and human review state.,AI advisory audit; DonHV / PM review,Retained as sanitized advisory audit; expiry is represented by expiresAt when used.,db/schema.cds,Production-style cds build --production artifact idts.cap.AiSuggestions.hdbtable; reconciled with sanitized live HANA metadata in hana-production-readback-20260803.md.
idts.cap.AiSuggestions,idts_cap_AiSuggestions,createdAt,TIMESTAMP,NO,YES,,,Sanitized AI advisory audit record and human review state.,AI advisory audit; DonHV / PM review,Retained as sanitized advisory audit; expiry is represented by expiresAt when used.,db/schema.cds,Production-style cds build --production artifact idts.cap.AiSuggestions.hdbtable; reconciled with sanitized live HANA metadata in hana-production-readback-20260803.md.
idts.cap.AiSuggestions,idts_cap_AiSuggestions,createdBy,NVARCHAR(255),NO,YES,,,Sanitized AI advisory audit record and human review state.,AI advisory audit; DonHV / PM review,Retained as sanitized advisory audit; expiry is represented by expiresAt when used.,db/schema.cds,Production-style cds build --production artifact idts.cap.AiSuggestions.hdbtable; reconciled with sanitized live HANA metadata in hana-production-readback-20260803.md.
idts.cap.AiSuggestions,idts_cap_AiSuggestions,modifiedAt,TIMESTAMP,NO,YES,,,Sanitized AI advisory audit record and human review state.,AI advisory audit; DonHV / PM review,Retained as sanitized advisory audit; expiry is represented by expiresAt when used.,db/schema.cds,Production-style cds build --production artifact idts.cap.AiSuggestions.hdbtable; reconciled with sanitized live HANA metadata in hana-production-readback-20260803.md.
idts.cap.AiSuggestions,idts_cap_AiSuggestions,modifiedBy,NVARCHAR(255),NO,YES,,,Sanitized AI advisory audit record and human review state.,AI advisory audit; DonHV / PM review,Retained as sanitized advisory audit; expiry is represented by expiresAt when used.,db/schema.cds,Production-style cds build --production artifact idts.cap.AiSuggestions.hdbtable; reconciled with sanitized live HANA metadata in hana-production-readback-20260803.md.
idts.cap.AiSuggestions,idts_cap_AiSuggestions,bug_ID,NVARCHAR(36),NO,NO,,idts.cap.Bugs.ID,Sanitized AI advisory audit record and human review state.,AI advisory audit; DonHV / PM review,Retained as sanitized advisory audit; expiry is represented by expiresAt when used.,db/schema.cds,Production-style cds build --production artifact idts.cap.AiSuggestions.hdbtable; reconciled with sanitized live HANA metadata in hana-production-readback-20260803.md.
idts.cap.AiSuggestions,idts_cap_AiSuggestions,featureType_code,NVARCHAR(40),NO,NO,,idts.cap.AiSuggestionFeatureTypes.code,Sanitized AI advisory audit record and human review state.,AI advisory audit; DonHV / PM review,Retained as sanitized advisory audit; expiry is represented by expiresAt when used.,db/schema.cds,Production-style cds build --production artifact idts.cap.AiSuggestions.hdbtable; reconciled with sanitized live HANA metadata in hana-production-readback-20260803.md.
idts.cap.AiSuggestions,idts_cap_AiSuggestions,requestedBy_ID,NVARCHAR(36),NO,NO,,idts.cap.Users.ID,Sanitized AI advisory audit record and human review state.,AI advisory audit; DonHV / PM review,Retained as sanitized advisory audit; expiry is represented by expiresAt when used.,db/schema.cds,Production-style cds build --production artifact idts.cap.AiSuggestions.hdbtable; reconciled with sanitized live HANA metadata in hana-production-readback-20260803.md.
idts.cap.AiSuggestions,idts_cap_AiSuggestions,providerAlias,NVARCHAR(80),NO,YES,,,Sanitized AI advisory audit record and human review state.,AI advisory audit; DonHV / PM review,Retained as sanitized advisory audit; expiry is represented by expiresAt when used.,db/schema.cds,Production-style cds build --production artifact idts.cap.AiSuggestions.hdbtable; reconciled with sanitized live HANA metadata in hana-production-readback-20260803.md.
idts.cap.AiSuggestions,idts_cap_AiSuggestions,modelAlias,NVARCHAR(80),NO,YES,,,Sanitized AI advisory audit record and human review state.,AI advisory audit; DonHV / PM review,Retained as sanitized advisory audit; expiry is represented by expiresAt when used.,db/schema.cds,Production-style cds build --production artifact idts.cap.AiSuggestions.hdbtable; reconciled with sanitized live HANA metadata in hana-production-readback-20260803.md.
idts.cap.AiSuggestions,idts_cap_AiSuggestions,operationStatus,NVARCHAR(40),NO,YES,,,Sanitized AI advisory audit record and human review state.,AI advisory audit; DonHV / PM review,Retained as sanitized advisory audit; expiry is represented by expiresAt when used.,db/schema.cds,Production-style cds build --production artifact idts.cap.AiSuggestions.hdbtable; reconciled with sanitized live HANA metadata in hana-production-readback-20260803.md.
idts.cap.AiSuggestions,idts_cap_AiSuggestions,latencyMs,INTEGER,NO,YES,,,Sanitized AI advisory audit record and human review state.,AI advisory audit; DonHV / PM review,Retained as sanitized advisory audit; expiry is represented by expiresAt when used.,db/schema.cds,Production-style cds build --production artifact idts.cap.AiSuggestions.hdbtable; reconciled with sanitized live HANA metadata in hana-production-readback-20260803.md.
idts.cap.AiSuggestions,idts_cap_AiSuggestions,confidence,"DECIMAL(5, 4)",NO,YES,,,Sanitized AI advisory audit record and human review state.,AI advisory audit; DonHV / PM review,Retained as sanitized advisory audit; expiry is represented by expiresAt when used.,db/schema.cds,Production-style cds build --production artifact idts.cap.AiSuggestions.hdbtable; reconciled with sanitized live HANA metadata in hana-production-readback-20260803.md.
idts.cap.AiSuggestions,idts_cap_AiSuggestions,suggestionPayload,NCLOB,NO,NO,,,Sanitized AI advisory audit record and human review state.,AI advisory audit; DonHV / PM review,Retained as sanitized advisory audit; expiry is represented by expiresAt when used.,db/schema.cds,Production-style cds build --production artifact idts.cap.AiSuggestions.hdbtable; reconciled with sanitized live HANA metadata in hana-production-readback-20260803.md.
idts.cap.AiSuggestions,idts_cap_AiSuggestions,summary,NVARCHAR(500),NO,YES,,,Sanitized AI advisory audit record and human review state.,AI advisory audit; DonHV / PM review,Retained as sanitized advisory audit; expiry is represented by expiresAt when used.,db/schema.cds,Production-style cds build --production artifact idts.cap.AiSuggestions.hdbtable; reconciled with sanitized live HANA metadata in hana-production-readback-20260803.md.
idts.cap.AiSuggestions,idts_cap_AiSuggestions,reviewState_code,NVARCHAR(40),NO,NO,,idts.cap.AiSuggestionReviewStates.code,Sanitized AI advisory audit record and human review state.,AI advisory audit; DonHV / PM review,Retained as sanitized advisory audit; expiry is represented by expiresAt when used.,db/schema.cds,Production-style cds build --production artifact idts.cap.AiSuggestions.hdbtable; reconciled with sanitized live HANA metadata in hana-production-readback-20260803.md.
idts.cap.AiSuggestions,idts_cap_AiSuggestions,reviewedBy_ID,NVARCHAR(36),NO,YES,,idts.cap.Users.ID,Sanitized AI advisory audit record and human review state.,AI advisory audit; DonHV / PM review,Retained as sanitized advisory audit; expiry is represented by expiresAt when used.,db/schema.cds,Production-style cds build --production artifact idts.cap.AiSuggestions.hdbtable; reconciled with sanitized live HANA metadata in hana-production-readback-20260803.md.
idts.cap.AiSuggestions,idts_cap_AiSuggestions,reviewedAt,TIMESTAMP,NO,YES,,,Sanitized AI advisory audit record and human review state.,AI advisory audit; DonHV / PM review,Retained as sanitized advisory audit; expiry is represented by expiresAt when used.,db/schema.cds,Production-style cds build --production artifact idts.cap.AiSuggestions.hdbtable; reconciled with sanitized live HANA metadata in hana-production-readback-20260803.md.
idts.cap.AiSuggestions,idts_cap_AiSuggestions,expiresAt,TIMESTAMP,NO,YES,,,Sanitized AI advisory audit record and human review state.,AI advisory audit; DonHV / PM review,Retained as sanitized advisory audit; expiry is represented by expiresAt when used.,db/schema.cds,Production-style cds build --production artifact idts.cap.AiSuggestions.hdbtable; reconciled with sanitized live HANA metadata in hana-production-readback-20260803.md.
idts.cap.AiSuggestions,idts_cap_AiSuggestions,correlationId,NVARCHAR(80),NO,YES,,,Sanitized AI advisory audit record and human review state.,AI advisory audit; DonHV / PM review,Retained as sanitized advisory audit; expiry is represented by expiresAt when used.,db/schema.cds,Production-style cds build --production artifact idts.cap.AiSuggestions.hdbtable; reconciled with sanitized live HANA metadata in hana-production-readback-20260803.md.
idts.cap.ApplicationComponents,idts_cap_ApplicationComponents,ID,NVARCHAR(36),YES,NO,,,Application component classification master data.,PM / DonHV master-data governance,Project lifecycle or until an authorized business deletion applies.,db/schema.cds,Production-style cds build --production artifact idts.cap.ApplicationComponents.hdbtable; reconciled with sanitized live HANA metadata in hana-production-readback-20260803.md.
idts.cap.ApplicationComponents,idts_cap_ApplicationComponents,createdAt,TIMESTAMP,NO,YES,,,Application component classification master data.,PM / DonHV master-data governance,Project lifecycle or until an authorized business deletion applies.,db/schema.cds,Production-style cds build --production artifact idts.cap.ApplicationComponents.hdbtable; reconciled with sanitized live HANA metadata in hana-production-readback-20260803.md.
idts.cap.ApplicationComponents,idts_cap_ApplicationComponents,createdBy,NVARCHAR(255),NO,YES,,,Application component classification master data.,PM / DonHV master-data governance,Project lifecycle or until an authorized business deletion applies.,db/schema.cds,Production-style cds build --production artifact idts.cap.ApplicationComponents.hdbtable; reconciled with sanitized live HANA metadata in hana-production-readback-20260803.md.
idts.cap.ApplicationComponents,idts_cap_ApplicationComponents,modifiedAt,TIMESTAMP,NO,YES,,,Application component classification master data.,PM / DonHV master-data governance,Project lifecycle or until an authorized business deletion applies.,db/schema.cds,Production-style cds build --production artifact idts.cap.ApplicationComponents.hdbtable; reconciled with sanitized live HANA metadata in hana-production-readback-20260803.md.
idts.cap.ApplicationComponents,idts_cap_ApplicationComponents,modifiedBy,NVARCHAR(255),NO,YES,,,Application component classification master data.,PM / DonHV master-data governance,Project lifecycle or until an authorized business deletion applies.,db/schema.cds,Production-style cds build --production artifact idts.cap.ApplicationComponents.hdbtable; reconciled with sanitized live HANA metadata in hana-production-readback-20260803.md.
idts.cap.ApplicationComponents,idts_cap_ApplicationComponents,code,NVARCHAR(40),NO,NO,,,Application component classification master data.,PM / DonHV master-data governance,Project lifecycle or until an authorized business deletion applies.,db/schema.cds,Production-style cds build --production artifact idts.cap.ApplicationComponents.hdbtable; reconciled with sanitized live HANA metadata in hana-production-readback-20260803.md.
idts.cap.ApplicationComponents,idts_cap_ApplicationComponents,name,NVARCHAR(120),NO,NO,,,Application component classification master data.,PM / DonHV master-data governance,Project lifecycle or until an authorized business deletion applies.,db/schema.cds,Production-style cds build --production artifact idts.cap.ApplicationComponents.hdbtable; reconciled with sanitized live HANA metadata in hana-production-readback-20260803.md.
idts.cap.ApplicationComponents,idts_cap_ApplicationComponents,componentType,NVARCHAR(60),NO,YES,,,Application component classification master data.,PM / DonHV master-data governance,Project lifecycle or until an authorized business deletion applies.,db/schema.cds,Production-style cds build --production artifact idts.cap.ApplicationComponents.hdbtable; reconciled with sanitized live HANA metadata in hana-production-readback-20260803.md.
idts.cap.ApplicationComponents,idts_cap_ApplicationComponents,active,BOOLEAN,NO,YES,TRUE,,Application component classification master data.,PM / DonHV master-data governance,Project lifecycle or until an authorized business deletion applies.,db/schema.cds,Production-style cds build --production artifact idts.cap.ApplicationComponents.hdbtable; reconciled with sanitized live HANA metadata in hana-production-readback-20260803.md.
idts.cap.AuthSessions,idts_cap_AuthSessions,ID,NVARCHAR(36),YES,NO,,,Custom-auth session store used outside the XSUAA production profile.,DonHV identity and assignment data,Until expiry/revocation; excluded from PostgreSQL-to-HANA migration.,db/schema.cds,Production-style cds build --production artifact idts.cap.AuthSessions.hdbtable; reconciled with sanitized live HANA metadata in hana-production-readback-20260803.md.
idts.cap.AuthSessions,idts_cap_AuthSessions,createdAt,TIMESTAMP,NO,YES,,,Custom-auth session store used outside the XSUAA production profile.,DonHV identity and assignment data,Until expiry/revocation; excluded from PostgreSQL-to-HANA migration.,db/schema.cds,Production-style cds build --production artifact idts.cap.AuthSessions.hdbtable; reconciled with sanitized live HANA metadata in hana-production-readback-20260803.md.
idts.cap.AuthSessions,idts_cap_AuthSessions,createdBy,NVARCHAR(255),NO,YES,,,Custom-auth session store used outside the XSUAA production profile.,DonHV identity and assignment data,Until expiry/revocation; excluded from PostgreSQL-to-HANA migration.,db/schema.cds,Production-style cds build --production artifact idts.cap.AuthSessions.hdbtable; reconciled with sanitized live HANA metadata in hana-production-readback-20260803.md.
idts.cap.AuthSessions,idts_cap_AuthSessions,modifiedAt,TIMESTAMP,NO,YES,,,Custom-auth session store used outside the XSUAA production profile.,DonHV identity and assignment data,Until expiry/revocation; excluded from PostgreSQL-to-HANA migration.,db/schema.cds,Production-style cds build --production artifact idts.cap.AuthSessions.hdbtable; reconciled with sanitized live HANA metadata in hana-production-readback-20260803.md.
idts.cap.AuthSessions,idts_cap_AuthSessions,modifiedBy,NVARCHAR(255),NO,YES,,,Custom-auth session store used outside the XSUAA production profile.,DonHV identity and assignment data,Until expiry/revocation; excluded from PostgreSQL-to-HANA migration.,db/schema.cds,Production-style cds build --production artifact idts.cap.AuthSessions.hdbtable; reconciled with sanitized live HANA metadata in hana-production-readback-20260803.md.
idts.cap.AuthSessions,idts_cap_AuthSessions,user_ID,NVARCHAR(36),NO,NO,,idts.cap.Users.ID,Custom-auth session store used outside the XSUAA production profile.,DonHV identity and assignment data,Until expiry/revocation; excluded from PostgreSQL-to-HANA migration.,db/schema.cds,Production-style cds build --production artifact idts.cap.AuthSessions.hdbtable; reconciled with sanitized live HANA metadata in hana-production-readback-20260803.md.
idts.cap.AuthSessions,idts_cap_AuthSessions,tokenHash,NVARCHAR(64),NO,NO,,,Custom-auth session store used outside the XSUAA production profile.,DonHV identity and assignment data,Until expiry/revocation; excluded from PostgreSQL-to-HANA migration.,db/schema.cds,Production-style cds build --production artifact idts.cap.AuthSessions.hdbtable; reconciled with sanitized live HANA metadata in hana-production-readback-20260803.md.
idts.cap.AuthSessions,idts_cap_AuthSessions,issuedAt,TIMESTAMP,NO,NO,,,Custom-auth session store used outside the XSUAA production profile.,DonHV identity and assignment data,Until expiry/revocation; excluded from PostgreSQL-to-HANA migration.,db/schema.cds,Production-style cds build --production artifact idts.cap.AuthSessions.hdbtable; reconciled with sanitized live HANA metadata in hana-production-readback-20260803.md.
idts.cap.AuthSessions,idts_cap_AuthSessions,expiresAt,TIMESTAMP,NO,NO,,,Custom-auth session store used outside the XSUAA production profile.,DonHV identity and assignment data,Until expiry/revocation; excluded from PostgreSQL-to-HANA migration.,db/schema.cds,Production-style cds build --production artifact idts.cap.AuthSessions.hdbtable; reconciled with sanitized live HANA metadata in hana-production-readback-20260803.md.
idts.cap.AuthSessions,idts_cap_AuthSessions,revokedAt,TIMESTAMP,NO,YES,,,Custom-auth session store used outside the XSUAA production profile.,DonHV identity and assignment data,Until expiry/revocation; excluded from PostgreSQL-to-HANA migration.,db/schema.cds,Production-style cds build --production artifact idts.cap.AuthSessions.hdbtable; reconciled with sanitized live HANA metadata in hana-production-readback-20260803.md.
idts.cap.AuthSessions,idts_cap_AuthSessions,lastUsedAt,TIMESTAMP,NO,YES,,,Custom-auth session store used outside the XSUAA production profile.,DonHV identity and assignment data,Until expiry/revocation; excluded from PostgreSQL-to-HANA migration.,db/schema.cds,Production-style cds build --production artifact idts.cap.AuthSessions.hdbtable; reconciled with sanitized live HANA metadata in hana-production-readback-20260803.md.
idts.cap.AuthSessions,idts_cap_AuthSessions,userAgent,NVARCHAR(255),NO,YES,,,Custom-auth session store used outside the XSUAA production profile.,DonHV identity and assignment data,Until expiry/revocation; excluded from PostgreSQL-to-HANA migration.,db/schema.cds,Production-style cds build --production artifact idts.cap.AuthSessions.hdbtable; reconciled with sanitized live HANA metadata in hana-production-readback-20260803.md.
idts.cap.AvailabilityStatuses,idts_cap_AvailabilityStatuses,code,NVARCHAR(40),YES,NO,,,Developer availability code list.,PM / DonHV master-data governance,Project lifecycle or until an authorized business deletion applies.,db/schema.cds,Production-style cds build --production artifact idts.cap.AvailabilityStatuses.hdbtable; reconciled with sanitized live HANA metadata in hana-production-readback-20260803.md.
idts.cap.AvailabilityStatuses,idts_cap_AvailabilityStatuses,name,NVARCHAR(120),NO,NO,,,Developer availability code list.,PM / DonHV master-data governance,Project lifecycle or until an authorized business deletion applies.,db/schema.cds,Production-style cds build --production artifact idts.cap.AvailabilityStatuses.hdbtable; reconciled with sanitized live HANA metadata in hana-production-readback-20260803.md.
idts.cap.AvailabilityStatuses,idts_cap_AvailabilityStatuses,descr,NVARCHAR(255),NO,YES,,,Developer availability code list.,PM / DonHV master-data governance,Project lifecycle or until an authorized business deletion applies.,db/schema.cds,Production-style cds build --production artifact idts.cap.AvailabilityStatuses.hdbtable; reconciled with sanitized live HANA metadata in hana-production-readback-20260803.md.
idts.cap.AvailabilityStatuses,idts_cap_AvailabilityStatuses,sortOrder,INTEGER,NO,YES,,,Developer availability code list.,PM / DonHV master-data governance,Project lifecycle or until an authorized business deletion applies.,db/schema.cds,Production-style cds build --production artifact idts.cap.AvailabilityStatuses.hdbtable; reconciled with sanitized live HANA metadata in hana-production-readback-20260803.md.
idts.cap.AvailabilityStatuses,idts_cap_AvailabilityStatuses,active,BOOLEAN,NO,YES,TRUE,,Developer availability code list.,PM / DonHV master-data governance,Project lifecycle or until an authorized business deletion applies.,db/schema.cds,Production-style cds build --production artifact idts.cap.AvailabilityStatuses.hdbtable; reconciled with sanitized live HANA metadata in hana-production-readback-20260803.md.
idts.cap.AvailabilityStatuses,idts_cap_AvailabilityStatuses,criticality,INTEGER,NO,YES,,,Developer availability code list.,PM / DonHV master-data governance,Project lifecycle or until an authorized business deletion applies.,db/schema.cds,Production-style cds build --production artifact idts.cap.AvailabilityStatuses.hdbtable; reconciled with sanitized live HANA metadata in hana-production-readback-20260803.md.
idts.cap.Bugs,idts_cap_Bugs,ID,NVARCHAR(36),YES,NO,,,Authoritative defect record and workflow state.,IDTS business workflow,Project lifecycle or until an authorized business deletion applies.,db/schema.cds,Production-style cds build --production artifact idts.cap.Bugs.hdbtable; reconciled with sanitized live HANA metadata in hana-production-readback-20260803.md.
idts.cap.Bugs,idts_cap_Bugs,createdAt,TIMESTAMP,NO,YES,,,Authoritative defect record and workflow state.,IDTS business workflow,Project lifecycle or until an authorized business deletion applies.,db/schema.cds,Production-style cds build --production artifact idts.cap.Bugs.hdbtable; reconciled with sanitized live HANA metadata in hana-production-readback-20260803.md.
idts.cap.Bugs,idts_cap_Bugs,createdBy,NVARCHAR(255),NO,YES,,,Authoritative defect record and workflow state.,IDTS business workflow,Project lifecycle or until an authorized business deletion applies.,db/schema.cds,Production-style cds build --production artifact idts.cap.Bugs.hdbtable; reconciled with sanitized live HANA metadata in hana-production-readback-20260803.md.
idts.cap.Bugs,idts_cap_Bugs,modifiedAt,TIMESTAMP,NO,YES,,,Authoritative defect record and workflow state.,IDTS business workflow,Project lifecycle or until an authorized business deletion applies.,db/schema.cds,Production-style cds build --production artifact idts.cap.Bugs.hdbtable; reconciled with sanitized live HANA metadata in hana-production-readback-20260803.md.
idts.cap.Bugs,idts_cap_Bugs,modifiedBy,NVARCHAR(255),NO,YES,,,Authoritative defect record and workflow state.,IDTS business workflow,Project lifecycle or until an authorized business deletion applies.,db/schema.cds,Production-style cds build --production artifact idts.cap.Bugs.hdbtable; reconciled with sanitized live HANA metadata in hana-production-readback-20260803.md.
idts.cap.Bugs,idts_cap_Bugs,bugNumber,NVARCHAR(30),NO,YES,,,Authoritative defect record and workflow state.,IDTS business workflow,Project lifecycle or until an authorized business deletion applies.,db/schema.cds,Production-style cds build --production artifact idts.cap.Bugs.hdbtable; reconciled with sanitized live HANA metadata in hana-production-readback-20260803.md.
idts.cap.Bugs,idts_cap_Bugs,title,NVARCHAR(255),NO,NO,,,Authoritative defect record and workflow state.,IDTS business workflow,Project lifecycle or until an authorized business deletion applies.,db/schema.cds,Production-style cds build --production artifact idts.cap.Bugs.hdbtable; reconciled with sanitized live HANA metadata in hana-production-readback-20260803.md.
idts.cap.Bugs,idts_cap_Bugs,description,NCLOB,NO,NO,,,Authoritative defect record and workflow state.,IDTS business workflow,Project lifecycle or until an authorized business deletion applies.,db/schema.cds,Production-style cds build --production artifact idts.cap.Bugs.hdbtable; reconciled with sanitized live HANA metadata in hana-production-readback-20260803.md.
idts.cap.Bugs,idts_cap_Bugs,status_code,NVARCHAR(40),NO,NO,,idts.cap.StatusValues.code,Authoritative defect record and workflow state.,IDTS business workflow,Project lifecycle or until an authorized business deletion applies.,db/schema.cds,Production-style cds build --production artifact idts.cap.Bugs.hdbtable; reconciled with sanitized live HANA metadata in hana-production-readback-20260803.md.
idts.cap.Bugs,idts_cap_Bugs,priority_code,NVARCHAR(40),NO,NO,,idts.cap.PriorityValues.code,Authoritative defect record and workflow state.,IDTS business workflow,Project lifecycle or until an authorized business deletion applies.,db/schema.cds,Production-style cds build --production artifact idts.cap.Bugs.hdbtable; reconciled with sanitized live HANA metadata in hana-production-readback-20260803.md.
idts.cap.Bugs,idts_cap_Bugs,severity_code,NVARCHAR(40),NO,NO,,idts.cap.SeverityValues.code,Authoritative defect record and workflow state.,IDTS business workflow,Project lifecycle or until an authorized business deletion applies.,db/schema.cds,Production-style cds build --production artifact idts.cap.Bugs.hdbtable; reconciled with sanitized live HANA metadata in hana-production-readback-20260803.md.
idts.cap.Bugs,idts_cap_Bugs,environment_code,NVARCHAR(40),NO,YES,,idts.cap.EnvironmentValues.code,Authoritative defect record and workflow state.,IDTS business workflow,Project lifecycle or until an authorized business deletion applies.,db/schema.cds,Production-style cds build --production artifact idts.cap.Bugs.hdbtable; reconciled with sanitized live HANA metadata in hana-production-readback-20260803.md.
idts.cap.Bugs,idts_cap_Bugs,environmentDetail,NVARCHAR(255),NO,YES,,,Authoritative defect record and workflow state.,IDTS business workflow,Project lifecycle or until an authorized business deletion applies.,db/schema.cds,Production-style cds build --production artifact idts.cap.Bugs.hdbtable; reconciled with sanitized live HANA metadata in hana-production-readback-20260803.md.
idts.cap.Bugs,idts_cap_Bugs,stepsToReproduce,NCLOB,NO,NO,,,Authoritative defect record and workflow state.,IDTS business workflow,Project lifecycle or until an authorized business deletion applies.,db/schema.cds,Production-style cds build --production artifact idts.cap.Bugs.hdbtable; reconciled with sanitized live HANA metadata in hana-production-readback-20260803.md.
idts.cap.Bugs,idts_cap_Bugs,actualResult,NCLOB,NO,NO,,,Authoritative defect record and workflow state.,IDTS business workflow,Project lifecycle or until an authorized business deletion applies.,db/schema.cds,Production-style cds build --production artifact idts.cap.Bugs.hdbtable; reconciled with sanitized live HANA metadata in hana-production-readback-20260803.md.
idts.cap.Bugs,idts_cap_Bugs,expectedResult,NCLOB,NO,NO,,,Authoritative defect record and workflow state.,IDTS business workflow,Project lifecycle or until an authorized business deletion applies.,db/schema.cds,Production-style cds build --production artifact idts.cap.Bugs.hdbtable; reconciled with sanitized live HANA metadata in hana-production-readback-20260803.md.
idts.cap.Bugs,idts_cap_Bugs,sapModule_ID,NVARCHAR(36),NO,YES,,idts.cap.SAPModules.ID,Authoritative defect record and workflow state.,IDTS business workflow,Project lifecycle or until an authorized business deletion applies.,db/schema.cds,Production-style cds build --production artifact idts.cap.Bugs.hdbtable; reconciled with sanitized live HANA metadata in hana-production-readback-20260803.md.
idts.cap.Bugs,idts_cap_Bugs,applicationComponent_ID,NVARCHAR(36),NO,NO,,idts.cap.ApplicationComponents.ID,Authoritative defect record and workflow state.,IDTS business workflow,Project lifecycle or until an authorized business deletion applies.,db/schema.cds,Production-style cds build --production artifact idts.cap.Bugs.hdbtable; reconciled with sanitized live HANA metadata in hana-production-readback-20260803.md.
idts.cap.Bugs,idts_cap_Bugs,defectCategory_ID,NVARCHAR(36),NO,NO,,idts.cap.DefectCategories.ID,Authoritative defect record and workflow state.,IDTS business workflow,Project lifecycle or until an authorized business deletion applies.,db/schema.cds,Production-style cds build --production artifact idts.cap.Bugs.hdbtable; reconciled with sanitized live HANA metadata in hana-production-readback-20260803.md.
idts.cap.Bugs,idts_cap_Bugs,componentCategory_ID,NVARCHAR(36),NO,NO,,idts.cap.ComponentCategories.ID,Authoritative defect record and workflow state.,IDTS business workflow,Project lifecycle or until an authorized business deletion applies.,db/schema.cds,Production-style cds build --production artifact idts.cap.Bugs.hdbtable; reconciled with sanitized live HANA metadata in hana-production-readback-20260803.md.
idts.cap.Bugs,idts_cap_Bugs,reporter_ID,NVARCHAR(36),NO,NO,,idts.cap.Users.ID,Authoritative defect record and workflow state.,IDTS business workflow,Project lifecycle or until an authorized business deletion applies.,db/schema.cds,Production-style cds build --production artifact idts.cap.Bugs.hdbtable; reconciled with sanitized live HANA metadata in hana-production-readback-20260803.md.
idts.cap.Bugs,idts_cap_Bugs,assignee_ID,NVARCHAR(36),NO,YES,,idts.cap.DeveloperProfiles.ID,Authoritative defect record and workflow state.,IDTS business workflow,Project lifecycle or until an authorized business deletion applies.,db/schema.cds,Production-style cds build --production artifact idts.cap.Bugs.hdbtable; reconciled with sanitized live HANA metadata in hana-production-readback-20260803.md.
idts.cap.Bugs,idts_cap_Bugs,nextProcessorUser_ID,NVARCHAR(36),NO,YES,,idts.cap.Users.ID,Authoritative defect record and workflow state.,IDTS business workflow,Project lifecycle or until an authorized business deletion applies.,db/schema.cds,Production-style cds build --production artifact idts.cap.Bugs.hdbtable; reconciled with sanitized live HANA metadata in hana-production-readback-20260803.md.
idts.cap.Bugs,idts_cap_Bugs,nextProcessorRole_code,NVARCHAR(40),NO,YES,,idts.cap.ProcessorRoleValues.code,Authoritative defect record and workflow state.,IDTS business workflow,Project lifecycle or until an authorized business deletion applies.,db/schema.cds,Production-style cds build --production artifact idts.cap.Bugs.hdbtable; reconciled with sanitized live HANA metadata in hana-production-readback-20260803.md.
idts.cap.Bugs,idts_cap_Bugs,rejectionReason,NCLOB,NO,YES,,,Authoritative defect record and workflow state.,IDTS business workflow,Project lifecycle or until an authorized business deletion applies.,db/schema.cds,Production-style cds build --production artifact idts.cap.Bugs.hdbtable; reconciled with sanitized live HANA metadata in hana-production-readback-20260803.md.
idts.cap.Bugs,idts_cap_Bugs,testCaseRef,NVARCHAR(80),NO,YES,,,Authoritative defect record and workflow state.,IDTS business workflow,Project lifecycle or until an authorized business deletion applies.,db/schema.cds,Production-style cds build --production artifact idts.cap.Bugs.hdbtable; reconciled with sanitized live HANA metadata in hana-production-readback-20260803.md.
idts.cap.Bugs,idts_cap_Bugs,testRunRef,NVARCHAR(80),NO,YES,,,Authoritative defect record and workflow state.,IDTS business workflow,Project lifecycle or until an authorized business deletion applies.,db/schema.cds,Production-style cds build --production artifact idts.cap.Bugs.hdbtable; reconciled with sanitized live HANA metadata in hana-production-readback-20260803.md.
idts.cap.Bugs,idts_cap_Bugs,plannedCompletionDate,DATE,NO,YES,,,Authoritative defect record and workflow state.,IDTS business workflow,Project lifecycle or until an authorized business deletion applies.,db/schema.cds,Production-style cds build --production artifact idts.cap.Bugs.hdbtable; reconciled with sanitized live HANA metadata in hana-production-readback-20260803.md.
idts.cap.Bugs,idts_cap_Bugs,dueDate,DATE,NO,YES,,,Authoritative defect record and workflow state.,IDTS business workflow,Project lifecycle or until an authorized business deletion applies.,db/schema.cds,Production-style cds build --production artifact idts.cap.Bugs.hdbtable; reconciled with sanitized live HANA metadata in hana-production-readback-20260803.md.
idts.cap.Bugs,idts_cap_Bugs,estimatedEffortHours,"DECIMAL(9, 2)",NO,YES,,,Authoritative defect record and workflow state.,IDTS business workflow,Project lifecycle or until an authorized business deletion applies.,db/schema.cds,Production-style cds build --production artifact idts.cap.Bugs.hdbtable; reconciled with sanitized live HANA metadata in hana-production-readback-20260803.md.
idts.cap.Bugs.attachments,idts_cap_Bugs_attachments,up__ID,NVARCHAR(36),YES,NO,,idts.cap.Bugs.ID,Attachment metadata and object-store reference; binary content is provided by AWS S3 in BTP.,Bug collaboration; DonHV persistence boundary,Retained with the Bug until authorized deletion; S3 binary follows the same lifecycle.,db/schema.cds,Production-style cds build --production artifact idts.cap.Bugs_attachments.hdbtable; reconciled with sanitized live HANA metadata in hana-production-readback-20260803.md.
idts.cap.Bugs.attachments,idts_cap_Bugs_attachments,ID,NVARCHAR(36),YES,NO,,,Attachment metadata and object-store reference; binary content is provided by AWS S3 in BTP.,Bug collaboration; DonHV persistence boundary,Retained with the Bug until authorized deletion; S3 binary follows the same lifecycle.,db/schema.cds,Production-style cds build --production artifact idts.cap.Bugs_attachments.hdbtable; reconciled with sanitized live HANA metadata in hana-production-readback-20260803.md.
idts.cap.Bugs.attachments,idts_cap_Bugs_attachments,createdAt,TIMESTAMP,NO,YES,,,Attachment metadata and object-store reference; binary content is provided by AWS S3 in BTP.,Bug collaboration; DonHV persistence boundary,Retained with the Bug until authorized deletion; S3 binary follows the same lifecycle.,db/schema.cds,Production-style cds build --production artifact idts.cap.Bugs_attachments.hdbtable; reconciled with sanitized live HANA metadata in hana-production-readback-20260803.md.
idts.cap.Bugs.attachments,idts_cap_Bugs_attachments,createdBy,NVARCHAR(255),NO,YES,,,Attachment metadata and object-store reference; binary content is provided by AWS S3 in BTP.,Bug collaboration; DonHV persistence boundary,Retained with the Bug until authorized deletion; S3 binary follows the same lifecycle.,db/schema.cds,Production-style cds build --production artifact idts.cap.Bugs_attachments.hdbtable; reconciled with sanitized live HANA metadata in hana-production-readback-20260803.md.
idts.cap.Bugs.attachments,idts_cap_Bugs_attachments,modifiedAt,TIMESTAMP,NO,YES,,,Attachment metadata and object-store reference; binary content is provided by AWS S3 in BTP.,Bug collaboration; DonHV persistence boundary,Retained with the Bug until authorized deletion; S3 binary follows the same lifecycle.,db/schema.cds,Production-style cds build --production artifact idts.cap.Bugs_attachments.hdbtable; reconciled with sanitized live HANA metadata in hana-production-readback-20260803.md.
idts.cap.Bugs.attachments,idts_cap_Bugs_attachments,modifiedBy,NVARCHAR(255),NO,YES,,,Attachment metadata and object-store reference; binary content is provided by AWS S3 in BTP.,Bug collaboration; DonHV persistence boundary,Retained with the Bug until authorized deletion; S3 binary follows the same lifecycle.,db/schema.cds,Production-style cds build --production artifact idts.cap.Bugs_attachments.hdbtable; reconciled with sanitized live HANA metadata in hana-production-readback-20260803.md.
idts.cap.Bugs.attachments,idts_cap_Bugs_attachments,url,NVARCHAR(5000),NO,YES,,,Attachment metadata and object-store reference; binary content is provided by AWS S3 in BTP.,Bug collaboration; DonHV persistence boundary,Retained with the Bug until authorized deletion; S3 binary follows the same lifecycle.,db/schema.cds,Production-style cds build --production artifact idts.cap.Bugs_attachments.hdbtable; reconciled with sanitized live HANA metadata in hana-production-readback-20260803.md.
idts.cap.Bugs.attachments,idts_cap_Bugs_attachments,content,BLOB,NO,YES,,,Attachment metadata and object-store reference; binary content is provided by AWS S3 in BTP.,Bug collaboration; DonHV persistence boundary,Retained with the Bug until authorized deletion; S3 binary follows the same lifecycle.,db/schema.cds,Production-style cds build --production artifact idts.cap.Bugs_attachments.hdbtable; reconciled with sanitized live HANA metadata in hana-production-readback-20260803.md.
idts.cap.Bugs.attachments,idts_cap_Bugs_attachments,MIMETYPE,NVARCHAR(5000),NO,YES,application/octet-stream,,Attachment metadata and object-store reference; binary content is provided by AWS S3 in BTP.,Bug collaboration; DonHV persistence boundary,Retained with the Bug until authorized deletion; S3 binary follows the same lifecycle.,db/schema.cds,Production-style cds build --production artifact idts.cap.Bugs_attachments.hdbtable; reconciled with sanitized live HANA metadata in hana-production-readback-20260803.md.
idts.cap.Bugs.attachments,idts_cap_Bugs_attachments,filename,NVARCHAR(5000),NO,YES,,,Attachment metadata and object-store reference; binary content is provided by AWS S3 in BTP.,Bug collaboration; DonHV persistence boundary,Retained with the Bug until authorized deletion; S3 binary follows the same lifecycle.,db/schema.cds,Production-style cds build --production artifact idts.cap.Bugs_attachments.hdbtable; reconciled with sanitized live HANA metadata in hana-production-readback-20260803.md.
idts.cap.Bugs.attachments,idts_cap_Bugs_attachments,hash,NVARCHAR(5000),NO,YES,,,Attachment metadata and object-store reference; binary content is provided by AWS S3 in BTP.,Bug collaboration; DonHV persistence boundary,Retained with the Bug until authorized deletion; S3 binary follows the same lifecycle.,db/schema.cds,Production-style cds build --production artifact idts.cap.Bugs_attachments.hdbtable; reconciled with sanitized live HANA metadata in hana-production-readback-20260803.md.
idts.cap.Bugs.attachments,idts_cap_Bugs_attachments,status,NVARCHAR(5000),NO,YES,Unscanned,,Attachment metadata and object-store reference; binary content is provided by AWS S3 in BTP.,Bug collaboration; DonHV persistence boundary,Retained with the Bug until authorized deletion; S3 binary follows the same lifecycle.,db/schema.cds,Production-style cds build --production artifact idts.cap.Bugs_attachments.hdbtable; reconciled with sanitized live HANA metadata in hana-production-readback-20260803.md.
idts.cap.Bugs.attachments,idts_cap_Bugs_attachments,lastScan,TIMESTAMP,NO,YES,,,Attachment metadata and object-store reference; binary content is provided by AWS S3 in BTP.,Bug collaboration; DonHV persistence boundary,Retained with the Bug until authorized deletion; S3 binary follows the same lifecycle.,db/schema.cds,Production-style cds build --production artifact idts.cap.Bugs_attachments.hdbtable; reconciled with sanitized live HANA metadata in hana-production-readback-20260803.md.
idts.cap.Bugs.attachments,idts_cap_Bugs_attachments,note,NVARCHAR(5000),NO,YES,,,Attachment metadata and object-store reference; binary content is provided by AWS S3 in BTP.,Bug collaboration; DonHV persistence boundary,Retained with the Bug until authorized deletion; S3 binary follows the same lifecycle.,db/schema.cds,Production-style cds build --production artifact idts.cap.Bugs_attachments.hdbtable; reconciled with sanitized live HANA metadata in hana-production-readback-20260803.md.
idts.cap.Bugs.attachments,idts_cap_Bugs_attachments,fileSize,BIGINT,NO,YES,,,Attachment metadata and object-store reference; binary content is provided by AWS S3 in BTP.,Bug collaboration; DonHV persistence boundary,Retained with the Bug until authorized deletion; S3 binary follows the same lifecycle.,db/schema.cds,Production-style cds build --production artifact idts.cap.Bugs_attachments.hdbtable; reconciled with sanitized live HANA metadata in hana-production-readback-20260803.md.
idts.cap.Comments,idts_cap_Comments,ID,NVARCHAR(36),YES,NO,,,User-authored collaboration records linked to a Bug.,IDTS business workflow,Project lifecycle or until an authorized business deletion applies.,db/schema.cds,Production-style cds build --production artifact idts.cap.Comments.hdbtable; reconciled with sanitized live HANA metadata in hana-production-readback-20260803.md.
idts.cap.Comments,idts_cap_Comments,createdAt,TIMESTAMP,NO,YES,,,User-authored collaboration records linked to a Bug.,IDTS business workflow,Project lifecycle or until an authorized business deletion applies.,db/schema.cds,Production-style cds build --production artifact idts.cap.Comments.hdbtable; reconciled with sanitized live HANA metadata in hana-production-readback-20260803.md.
idts.cap.Comments,idts_cap_Comments,createdBy,NVARCHAR(255),NO,YES,,,User-authored collaboration records linked to a Bug.,IDTS business workflow,Project lifecycle or until an authorized business deletion applies.,db/schema.cds,Production-style cds build --production artifact idts.cap.Comments.hdbtable; reconciled with sanitized live HANA metadata in hana-production-readback-20260803.md.
idts.cap.Comments,idts_cap_Comments,modifiedAt,TIMESTAMP,NO,YES,,,User-authored collaboration records linked to a Bug.,IDTS business workflow,Project lifecycle or until an authorized business deletion applies.,db/schema.cds,Production-style cds build --production artifact idts.cap.Comments.hdbtable; reconciled with sanitized live HANA metadata in hana-production-readback-20260803.md.
idts.cap.Comments,idts_cap_Comments,modifiedBy,NVARCHAR(255),NO,YES,,,User-authored collaboration records linked to a Bug.,IDTS business workflow,Project lifecycle or until an authorized business deletion applies.,db/schema.cds,Production-style cds build --production artifact idts.cap.Comments.hdbtable; reconciled with sanitized live HANA metadata in hana-production-readback-20260803.md.
idts.cap.Comments,idts_cap_Comments,bug_ID,NVARCHAR(36),NO,NO,,idts.cap.Bugs.ID,User-authored collaboration records linked to a Bug.,IDTS business workflow,Project lifecycle or until an authorized business deletion applies.,db/schema.cds,Production-style cds build --production artifact idts.cap.Comments.hdbtable; reconciled with sanitized live HANA metadata in hana-production-readback-20260803.md.
idts.cap.Comments,idts_cap_Comments,author_ID,NVARCHAR(36),NO,NO,,idts.cap.Users.ID,User-authored collaboration records linked to a Bug.,IDTS business workflow,Project lifecycle or until an authorized business deletion applies.,db/schema.cds,Production-style cds build --production artifact idts.cap.Comments.hdbtable; reconciled with sanitized live HANA metadata in hana-production-readback-20260803.md.
idts.cap.Comments,idts_cap_Comments,authorRole_code,NVARCHAR(40),NO,YES,,idts.cap.UserRoles.code,User-authored collaboration records linked to a Bug.,IDTS business workflow,Project lifecycle or until an authorized business deletion applies.,db/schema.cds,Production-style cds build --production artifact idts.cap.Comments.hdbtable; reconciled with sanitized live HANA metadata in hana-production-readback-20260803.md.
idts.cap.Comments,idts_cap_Comments,content,NCLOB,NO,NO,,,User-authored collaboration records linked to a Bug.,IDTS business workflow,Project lifecycle or until an authorized business deletion applies.,db/schema.cds,Production-style cds build --production artifact idts.cap.Comments.hdbtable; reconciled with sanitized live HANA metadata in hana-production-readback-20260803.md.
idts.cap.ComponentCategories,idts_cap_ComponentCategories,ID,NVARCHAR(36),YES,NO,,,Validated component and defect-category combination used for assignment.,PM / DonHV master-data governance,Project lifecycle or until an authorized business deletion applies.,db/schema.cds,Production-style cds build --production artifact idts.cap.ComponentCategories.hdbtable; reconciled with sanitized live HANA metadata in hana-production-readback-20260803.md.
idts.cap.ComponentCategories,idts_cap_ComponentCategories,createdAt,TIMESTAMP,NO,YES,,,Validated component and defect-category combination used for assignment.,PM / DonHV master-data governance,Project lifecycle or until an authorized business deletion applies.,db/schema.cds,Production-style cds build --production artifact idts.cap.ComponentCategories.hdbtable; reconciled with sanitized live HANA metadata in hana-production-readback-20260803.md.
idts.cap.ComponentCategories,idts_cap_ComponentCategories,createdBy,NVARCHAR(255),NO,YES,,,Validated component and defect-category combination used for assignment.,PM / DonHV master-data governance,Project lifecycle or until an authorized business deletion applies.,db/schema.cds,Production-style cds build --production artifact idts.cap.ComponentCategories.hdbtable; reconciled with sanitized live HANA metadata in hana-production-readback-20260803.md.
idts.cap.ComponentCategories,idts_cap_ComponentCategories,modifiedAt,TIMESTAMP,NO,YES,,,Validated component and defect-category combination used for assignment.,PM / DonHV master-data governance,Project lifecycle or until an authorized business deletion applies.,db/schema.cds,Production-style cds build --production artifact idts.cap.ComponentCategories.hdbtable; reconciled with sanitized live HANA metadata in hana-production-readback-20260803.md.
idts.cap.ComponentCategories,idts_cap_ComponentCategories,modifiedBy,NVARCHAR(255),NO,YES,,,Validated component and defect-category combination used for assignment.,PM / DonHV master-data governance,Project lifecycle or until an authorized business deletion applies.,db/schema.cds,Production-style cds build --production artifact idts.cap.ComponentCategories.hdbtable; reconciled with sanitized live HANA metadata in hana-production-readback-20260803.md.
idts.cap.ComponentCategories,idts_cap_ComponentCategories,component_ID,NVARCHAR(36),NO,NO,,idts.cap.ApplicationComponents.ID,Validated component and defect-category combination used for assignment.,PM / DonHV master-data governance,Project lifecycle or until an authorized business deletion applies.,db/schema.cds,Production-style cds build --production artifact idts.cap.ComponentCategories.hdbtable; reconciled with sanitized live HANA metadata in hana-production-readback-20260803.md.
idts.cap.ComponentCategories,idts_cap_ComponentCategories,defectCategory_ID,NVARCHAR(36),NO,NO,,idts.cap.DefectCategories.ID,Validated component and defect-category combination used for assignment.,PM / DonHV master-data governance,Project lifecycle or until an authorized business deletion applies.,db/schema.cds,Production-style cds build --production artifact idts.cap.ComponentCategories.hdbtable; reconciled with sanitized live HANA metadata in hana-production-readback-20260803.md.
idts.cap.ComponentCategories,idts_cap_ComponentCategories,active,BOOLEAN,NO,YES,TRUE,,Validated component and defect-category combination used for assignment.,PM / DonHV master-data governance,Project lifecycle or until an authorized business deletion applies.,db/schema.cds,Production-style cds build --production artifact idts.cap.ComponentCategories.hdbtable; reconciled with sanitized live HANA metadata in hana-production-readback-20260803.md.
idts.cap.DefectCategories,idts_cap_DefectCategories,ID,NVARCHAR(36),YES,NO,,,Defect category master data.,PM / DonHV master-data governance,Project lifecycle or until an authorized business deletion applies.,db/schema.cds,Production-style cds build --production artifact idts.cap.DefectCategories.hdbtable; reconciled with sanitized live HANA metadata in hana-production-readback-20260803.md.
idts.cap.DefectCategories,idts_cap_DefectCategories,createdAt,TIMESTAMP,NO,YES,,,Defect category master data.,PM / DonHV master-data governance,Project lifecycle or until an authorized business deletion applies.,db/schema.cds,Production-style cds build --production artifact idts.cap.DefectCategories.hdbtable; reconciled with sanitized live HANA metadata in hana-production-readback-20260803.md.
idts.cap.DefectCategories,idts_cap_DefectCategories,createdBy,NVARCHAR(255),NO,YES,,,Defect category master data.,PM / DonHV master-data governance,Project lifecycle or until an authorized business deletion applies.,db/schema.cds,Production-style cds build --production artifact idts.cap.DefectCategories.hdbtable; reconciled with sanitized live HANA metadata in hana-production-readback-20260803.md.
idts.cap.DefectCategories,idts_cap_DefectCategories,modifiedAt,TIMESTAMP,NO,YES,,,Defect category master data.,PM / DonHV master-data governance,Project lifecycle or until an authorized business deletion applies.,db/schema.cds,Production-style cds build --production artifact idts.cap.DefectCategories.hdbtable; reconciled with sanitized live HANA metadata in hana-production-readback-20260803.md.
idts.cap.DefectCategories,idts_cap_DefectCategories,modifiedBy,NVARCHAR(255),NO,YES,,,Defect category master data.,PM / DonHV master-data governance,Project lifecycle or until an authorized business deletion applies.,db/schema.cds,Production-style cds build --production artifact idts.cap.DefectCategories.hdbtable; reconciled with sanitized live HANA metadata in hana-production-readback-20260803.md.
idts.cap.DefectCategories,idts_cap_DefectCategories,code,NVARCHAR(40),NO,NO,,,Defect category master data.,PM / DonHV master-data governance,Project lifecycle or until an authorized business deletion applies.,db/schema.cds,Production-style cds build --production artifact idts.cap.DefectCategories.hdbtable; reconciled with sanitized live HANA metadata in hana-production-readback-20260803.md.
idts.cap.DefectCategories,idts_cap_DefectCategories,name,NVARCHAR(120),NO,NO,,,Defect category master data.,PM / DonHV master-data governance,Project lifecycle or until an authorized business deletion applies.,db/schema.cds,Production-style cds build --production artifact idts.cap.DefectCategories.hdbtable; reconciled with sanitized live HANA metadata in hana-production-readback-20260803.md.
idts.cap.DefectCategories,idts_cap_DefectCategories,categoryType,NVARCHAR(60),NO,YES,,,Defect category master data.,PM / DonHV master-data governance,Project lifecycle or until an authorized business deletion applies.,db/schema.cds,Production-style cds build --production artifact idts.cap.DefectCategories.hdbtable; reconciled with sanitized live HANA metadata in hana-production-readback-20260803.md.
idts.cap.DefectCategories,idts_cap_DefectCategories,active,BOOLEAN,NO,YES,TRUE,,Defect category master data.,PM / DonHV master-data governance,Project lifecycle or until an authorized business deletion applies.,db/schema.cds,Production-style cds build --production artifact idts.cap.DefectCategories.hdbtable; reconciled with sanitized live HANA metadata in hana-production-readback-20260803.md.
idts.cap.DeveloperProfiles,idts_cap_DeveloperProfiles,ID,NVARCHAR(36),YES,NO,,,Developer capacity and availability profile.,DonHV identity and assignment data,Project lifecycle or until an authorized business deletion applies.,db/schema.cds,Production-style cds build --production artifact idts.cap.DeveloperProfiles.hdbtable; reconciled with sanitized live HANA metadata in hana-production-readback-20260803.md.
idts.cap.DeveloperProfiles,idts_cap_DeveloperProfiles,createdAt,TIMESTAMP,NO,YES,,,Developer capacity and availability profile.,DonHV identity and assignment data,Project lifecycle or until an authorized business deletion applies.,db/schema.cds,Production-style cds build --production artifact idts.cap.DeveloperProfiles.hdbtable; reconciled with sanitized live HANA metadata in hana-production-readback-20260803.md.
idts.cap.DeveloperProfiles,idts_cap_DeveloperProfiles,createdBy,NVARCHAR(255),NO,YES,,,Developer capacity and availability profile.,DonHV identity and assignment data,Project lifecycle or until an authorized business deletion applies.,db/schema.cds,Production-style cds build --production artifact idts.cap.DeveloperProfiles.hdbtable; reconciled with sanitized live HANA metadata in hana-production-readback-20260803.md.
idts.cap.DeveloperProfiles,idts_cap_DeveloperProfiles,modifiedAt,TIMESTAMP,NO,YES,,,Developer capacity and availability profile.,DonHV identity and assignment data,Project lifecycle or until an authorized business deletion applies.,db/schema.cds,Production-style cds build --production artifact idts.cap.DeveloperProfiles.hdbtable; reconciled with sanitized live HANA metadata in hana-production-readback-20260803.md.
idts.cap.DeveloperProfiles,idts_cap_DeveloperProfiles,modifiedBy,NVARCHAR(255),NO,YES,,,Developer capacity and availability profile.,DonHV identity and assignment data,Project lifecycle or until an authorized business deletion applies.,db/schema.cds,Production-style cds build --production artifact idts.cap.DeveloperProfiles.hdbtable; reconciled with sanitized live HANA metadata in hana-production-readback-20260803.md.
idts.cap.DeveloperProfiles,idts_cap_DeveloperProfiles,user_ID,NVARCHAR(36),NO,NO,,idts.cap.Users.ID,Developer capacity and availability profile.,DonHV identity and assignment data,Project lifecycle or until an authorized business deletion applies.,db/schema.cds,Production-style cds build --production artifact idts.cap.DeveloperProfiles.hdbtable; reconciled with sanitized live HANA metadata in hana-production-readback-20260803.md.
idts.cap.DeveloperProfiles,idts_cap_DeveloperProfiles,availabilityStatus_code,NVARCHAR(40),NO,YES,,idts.cap.AvailabilityStatuses.code,Developer capacity and availability profile.,DonHV identity and assignment data,Project lifecycle or until an authorized business deletion applies.,db/schema.cds,Production-style cds build --production artifact idts.cap.DeveloperProfiles.hdbtable; reconciled with sanitized live HANA metadata in hana-production-readback-20260803.md.
idts.cap.DeveloperProfiles,idts_cap_DeveloperProfiles,workloadLimit,INTEGER,NO,YES,,,Developer capacity and availability profile.,DonHV identity and assignment data,Project lifecycle or until an authorized business deletion applies.,db/schema.cds,Production-style cds build --production artifact idts.cap.DeveloperProfiles.hdbtable; reconciled with sanitized live HANA metadata in hana-production-readback-20260803.md.
idts.cap.DeveloperProfiles,idts_cap_DeveloperProfiles,active,BOOLEAN,NO,YES,TRUE,,Developer capacity and availability profile.,DonHV identity and assignment data,Project lifecycle or until an authorized business deletion applies.,db/schema.cds,Production-style cds build --production artifact idts.cap.DeveloperProfiles.hdbtable; reconciled with sanitized live HANA metadata in hana-production-readback-20260803.md.
idts.cap.DeveloperResponsibilities,idts_cap_DeveloperResponsibilities,ID,NVARCHAR(36),YES,NO,,,Developer capability mapping used by assignment and workload views.,DonHV identity and assignment data,Project lifecycle or until an authorized business deletion applies.,db/schema.cds,Production-style cds build --production artifact idts.cap.DeveloperResponsibilities.hdbtable; reconciled with sanitized live HANA metadata in hana-production-readback-20260803.md.
idts.cap.DeveloperResponsibilities,idts_cap_DeveloperResponsibilities,createdAt,TIMESTAMP,NO,YES,,,Developer capability mapping used by assignment and workload views.,DonHV identity and assignment data,Project lifecycle or until an authorized business deletion applies.,db/schema.cds,Production-style cds build --production artifact idts.cap.DeveloperResponsibilities.hdbtable; reconciled with sanitized live HANA metadata in hana-production-readback-20260803.md.
idts.cap.DeveloperResponsibilities,idts_cap_DeveloperResponsibilities,createdBy,NVARCHAR(255),NO,YES,,,Developer capability mapping used by assignment and workload views.,DonHV identity and assignment data,Project lifecycle or until an authorized business deletion applies.,db/schema.cds,Production-style cds build --production artifact idts.cap.DeveloperResponsibilities.hdbtable; reconciled with sanitized live HANA metadata in hana-production-readback-20260803.md.
idts.cap.DeveloperResponsibilities,idts_cap_DeveloperResponsibilities,modifiedAt,TIMESTAMP,NO,YES,,,Developer capability mapping used by assignment and workload views.,DonHV identity and assignment data,Project lifecycle or until an authorized business deletion applies.,db/schema.cds,Production-style cds build --production artifact idts.cap.DeveloperResponsibilities.hdbtable; reconciled with sanitized live HANA metadata in hana-production-readback-20260803.md.
idts.cap.DeveloperResponsibilities,idts_cap_DeveloperResponsibilities,modifiedBy,NVARCHAR(255),NO,YES,,,Developer capability mapping used by assignment and workload views.,DonHV identity and assignment data,Project lifecycle or until an authorized business deletion applies.,db/schema.cds,Production-style cds build --production artifact idts.cap.DeveloperResponsibilities.hdbtable; reconciled with sanitized live HANA metadata in hana-production-readback-20260803.md.
idts.cap.DeveloperResponsibilities,idts_cap_DeveloperResponsibilities,developerProfile_ID,NVARCHAR(36),NO,NO,,idts.cap.DeveloperProfiles.ID,Developer capability mapping used by assignment and workload views.,DonHV identity and assignment data,Project lifecycle or until an authorized business deletion applies.,db/schema.cds,Production-style cds build --production artifact idts.cap.DeveloperResponsibilities.hdbtable; reconciled with sanitized live HANA metadata in hana-production-readback-20260803.md.
idts.cap.DeveloperResponsibilities,idts_cap_DeveloperResponsibilities,componentCategory_ID,NVARCHAR(36),NO,NO,,idts.cap.ComponentCategories.ID,Developer capability mapping used by assignment and workload views.,DonHV identity and assignment data,Project lifecycle or until an authorized business deletion applies.,db/schema.cds,Production-style cds build --production artifact idts.cap.DeveloperResponsibilities.hdbtable; reconciled with sanitized live HANA metadata in hana-production-readback-20260803.md.
idts.cap.DeveloperResponsibilities,idts_cap_DeveloperResponsibilities,sapModule_ID,NVARCHAR(36),NO,YES,,idts.cap.SAPModules.ID,Developer capability mapping used by assignment and workload views.,DonHV identity and assignment data,Project lifecycle or until an authorized business deletion applies.,db/schema.cds,Production-style cds build --production artifact idts.cap.DeveloperResponsibilities.hdbtable; reconciled with sanitized live HANA metadata in hana-production-readback-20260803.md.
idts.cap.DeveloperResponsibilities,idts_cap_DeveloperResponsibilities,responsibilityLevel_code,NVARCHAR(40),NO,YES,,idts.cap.ResponsibilityLevels.code,Developer capability mapping used by assignment and workload views.,DonHV identity and assignment data,Project lifecycle or until an authorized business deletion applies.,db/schema.cds,Production-style cds build --production artifact idts.cap.DeveloperResponsibilities.hdbtable; reconciled with sanitized live HANA metadata in hana-production-readback-20260803.md.
idts.cap.DeveloperResponsibilities,idts_cap_DeveloperResponsibilities,active,BOOLEAN,NO,YES,TRUE,,Developer capability mapping used by assignment and workload views.,DonHV identity and assignment data,Project lifecycle or until an authorized business deletion applies.,db/schema.cds,Production-style cds build --production artifact idts.cap.DeveloperResponsibilities.hdbtable; reconciled with sanitized live HANA metadata in hana-production-readback-20260803.md.
idts.cap.DuplicateLinks,idts_cap_DuplicateLinks,ID,NVARCHAR(36),YES,NO,,,Human-confirmed relation between two Bugs.,IDTS business workflow,Project lifecycle or until an authorized business deletion applies.,db/schema.cds,Production-style cds build --production artifact idts.cap.DuplicateLinks.hdbtable; reconciled with sanitized live HANA metadata in hana-production-readback-20260803.md.
idts.cap.DuplicateLinks,idts_cap_DuplicateLinks,createdAt,TIMESTAMP,NO,YES,,,Human-confirmed relation between two Bugs.,IDTS business workflow,Project lifecycle or until an authorized business deletion applies.,db/schema.cds,Production-style cds build --production artifact idts.cap.DuplicateLinks.hdbtable; reconciled with sanitized live HANA metadata in hana-production-readback-20260803.md.
idts.cap.DuplicateLinks,idts_cap_DuplicateLinks,createdBy,NVARCHAR(255),NO,YES,,,Human-confirmed relation between two Bugs.,IDTS business workflow,Project lifecycle or until an authorized business deletion applies.,db/schema.cds,Production-style cds build --production artifact idts.cap.DuplicateLinks.hdbtable; reconciled with sanitized live HANA metadata in hana-production-readback-20260803.md.
idts.cap.DuplicateLinks,idts_cap_DuplicateLinks,modifiedAt,TIMESTAMP,NO,YES,,,Human-confirmed relation between two Bugs.,IDTS business workflow,Project lifecycle or until an authorized business deletion applies.,db/schema.cds,Production-style cds build --production artifact idts.cap.DuplicateLinks.hdbtable; reconciled with sanitized live HANA metadata in hana-production-readback-20260803.md.
idts.cap.DuplicateLinks,idts_cap_DuplicateLinks,modifiedBy,NVARCHAR(255),NO,YES,,,Human-confirmed relation between two Bugs.,IDTS business workflow,Project lifecycle or until an authorized business deletion applies.,db/schema.cds,Production-style cds build --production artifact idts.cap.DuplicateLinks.hdbtable; reconciled with sanitized live HANA metadata in hana-production-readback-20260803.md.
idts.cap.DuplicateLinks,idts_cap_DuplicateLinks,sourceBug_ID,NVARCHAR(36),NO,NO,,idts.cap.Bugs.ID,Human-confirmed relation between two Bugs.,IDTS business workflow,Project lifecycle or until an authorized business deletion applies.,db/schema.cds,Production-style cds build --production artifact idts.cap.DuplicateLinks.hdbtable; reconciled with sanitized live HANA metadata in hana-production-readback-20260803.md.
idts.cap.DuplicateLinks,idts_cap_DuplicateLinks,targetBug_ID,NVARCHAR(36),NO,NO,,idts.cap.Bugs.ID,Human-confirmed relation between two Bugs.,IDTS business workflow,Project lifecycle or until an authorized business deletion applies.,db/schema.cds,Production-style cds build --production artifact idts.cap.DuplicateLinks.hdbtable; reconciled with sanitized live HANA metadata in hana-production-readback-20260803.md.
idts.cap.DuplicateLinks,idts_cap_DuplicateLinks,relationType_code,NVARCHAR(40),NO,NO,,idts.cap.DuplicateRelationTypes.code,Human-confirmed relation between two Bugs.,IDTS business workflow,Project lifecycle or until an authorized business deletion applies.,db/schema.cds,Production-style cds build --production artifact idts.cap.DuplicateLinks.hdbtable; reconciled with sanitized live HANA metadata in hana-production-readback-20260803.md.
idts.cap.DuplicateRelationTypes,idts_cap_DuplicateRelationTypes,code,NVARCHAR(40),YES,NO,,,Confirmed duplicate/similar/related relation catalog.,PM / DonHV master-data governance,Project lifecycle or until an authorized business deletion applies.,db/schema.cds,Production-style cds build --production artifact idts.cap.DuplicateRelationTypes.hdbtable; reconciled with sanitized live HANA metadata in hana-production-readback-20260803.md.
idts.cap.DuplicateRelationTypes,idts_cap_DuplicateRelationTypes,name,NVARCHAR(120),NO,NO,,,Confirmed duplicate/similar/related relation catalog.,PM / DonHV master-data governance,Project lifecycle or until an authorized business deletion applies.,db/schema.cds,Production-style cds build --production artifact idts.cap.DuplicateRelationTypes.hdbtable; reconciled with sanitized live HANA metadata in hana-production-readback-20260803.md.
idts.cap.DuplicateRelationTypes,idts_cap_DuplicateRelationTypes,descr,NVARCHAR(255),NO,YES,,,Confirmed duplicate/similar/related relation catalog.,PM / DonHV master-data governance,Project lifecycle or until an authorized business deletion applies.,db/schema.cds,Production-style cds build --production artifact idts.cap.DuplicateRelationTypes.hdbtable; reconciled with sanitized live HANA metadata in hana-production-readback-20260803.md.
idts.cap.DuplicateRelationTypes,idts_cap_DuplicateRelationTypes,sortOrder,INTEGER,NO,YES,,,Confirmed duplicate/similar/related relation catalog.,PM / DonHV master-data governance,Project lifecycle or until an authorized business deletion applies.,db/schema.cds,Production-style cds build --production artifact idts.cap.DuplicateRelationTypes.hdbtable; reconciled with sanitized live HANA metadata in hana-production-readback-20260803.md.
idts.cap.DuplicateRelationTypes,idts_cap_DuplicateRelationTypes,active,BOOLEAN,NO,YES,TRUE,,Confirmed duplicate/similar/related relation catalog.,PM / DonHV master-data governance,Project lifecycle or until an authorized business deletion applies.,db/schema.cds,Production-style cds build --production artifact idts.cap.DuplicateRelationTypes.hdbtable; reconciled with sanitized live HANA metadata in hana-production-readback-20260803.md.
idts.cap.DuplicateRelationTypes,idts_cap_DuplicateRelationTypes,criticality,INTEGER,NO,YES,,,Confirmed duplicate/similar/related relation catalog.,PM / DonHV master-data governance,Project lifecycle or until an authorized business deletion applies.,db/schema.cds,Production-style cds build --production artifact idts.cap.DuplicateRelationTypes.hdbtable; reconciled with sanitized live HANA metadata in hana-production-readback-20260803.md.
idts.cap.EnvironmentValues,idts_cap_EnvironmentValues,code,NVARCHAR(40),YES,NO,,,Execution-environment code list.,PM / DonHV master-data governance,Project lifecycle or until an authorized business deletion applies.,db/schema.cds,Production-style cds build --production artifact idts.cap.EnvironmentValues.hdbtable; reconciled with sanitized live HANA metadata in hana-production-readback-20260803.md.
idts.cap.EnvironmentValues,idts_cap_EnvironmentValues,name,NVARCHAR(120),NO,NO,,,Execution-environment code list.,PM / DonHV master-data governance,Project lifecycle or until an authorized business deletion applies.,db/schema.cds,Production-style cds build --production artifact idts.cap.EnvironmentValues.hdbtable; reconciled with sanitized live HANA metadata in hana-production-readback-20260803.md.
idts.cap.EnvironmentValues,idts_cap_EnvironmentValues,descr,NVARCHAR(255),NO,YES,,,Execution-environment code list.,PM / DonHV master-data governance,Project lifecycle or until an authorized business deletion applies.,db/schema.cds,Production-style cds build --production artifact idts.cap.EnvironmentValues.hdbtable; reconciled with sanitized live HANA metadata in hana-production-readback-20260803.md.
idts.cap.EnvironmentValues,idts_cap_EnvironmentValues,sortOrder,INTEGER,NO,YES,,,Execution-environment code list.,PM / DonHV master-data governance,Project lifecycle or until an authorized business deletion applies.,db/schema.cds,Production-style cds build --production artifact idts.cap.EnvironmentValues.hdbtable; reconciled with sanitized live HANA metadata in hana-production-readback-20260803.md.
idts.cap.EnvironmentValues,idts_cap_EnvironmentValues,active,BOOLEAN,NO,YES,TRUE,,Execution-environment code list.,PM / DonHV master-data governance,Project lifecycle or until an authorized business deletion applies.,db/schema.cds,Production-style cds build --production artifact idts.cap.EnvironmentValues.hdbtable; reconciled with sanitized live HANA metadata in hana-production-readback-20260803.md.
idts.cap.EnvironmentValues,idts_cap_EnvironmentValues,criticality,INTEGER,NO,YES,,,Execution-environment code list.,PM / DonHV master-data governance,Project lifecycle or until an authorized business deletion applies.,db/schema.cds,Production-style cds build --production artifact idts.cap.EnvironmentValues.hdbtable; reconciled with sanitized live HANA metadata in hana-production-readback-20260803.md.
idts.cap.HistoryEvents,idts_cap_HistoryEvents,ID,NVARCHAR(36),YES,NO,,,User-facing immutable audit event grouped by business action.,System audit; DonHV governance,Append-only audit retained for the project lifecycle.,db/schema.cds,Production-style cds build --production artifact idts.cap.HistoryEvents.hdbtable; reconciled with sanitized live HANA metadata in hana-production-readback-20260803.md.
idts.cap.HistoryEvents,idts_cap_HistoryEvents,createdAt,TIMESTAMP,NO,YES,,,User-facing immutable audit event grouped by business action.,System audit; DonHV governance,Append-only audit retained for the project lifecycle.,db/schema.cds,Production-style cds build --production artifact idts.cap.HistoryEvents.hdbtable; reconciled with sanitized live HANA metadata in hana-production-readback-20260803.md.
idts.cap.HistoryEvents,idts_cap_HistoryEvents,createdBy,NVARCHAR(255),NO,YES,,,User-facing immutable audit event grouped by business action.,System audit; DonHV governance,Append-only audit retained for the project lifecycle.,db/schema.cds,Production-style cds build --production artifact idts.cap.HistoryEvents.hdbtable; reconciled with sanitized live HANA metadata in hana-production-readback-20260803.md.
idts.cap.HistoryEvents,idts_cap_HistoryEvents,modifiedAt,TIMESTAMP,NO,YES,,,User-facing immutable audit event grouped by business action.,System audit; DonHV governance,Append-only audit retained for the project lifecycle.,db/schema.cds,Production-style cds build --production artifact idts.cap.HistoryEvents.hdbtable; reconciled with sanitized live HANA metadata in hana-production-readback-20260803.md.
idts.cap.HistoryEvents,idts_cap_HistoryEvents,modifiedBy,NVARCHAR(255),NO,YES,,,User-facing immutable audit event grouped by business action.,System audit; DonHV governance,Append-only audit retained for the project lifecycle.,db/schema.cds,Production-style cds build --production artifact idts.cap.HistoryEvents.hdbtable; reconciled with sanitized live HANA metadata in hana-production-readback-20260803.md.
idts.cap.HistoryEvents,idts_cap_HistoryEvents,bug_ID,NVARCHAR(36),NO,NO,,idts.cap.Bugs.ID,User-facing immutable audit event grouped by business action.,System audit; DonHV governance,Append-only audit retained for the project lifecycle.,db/schema.cds,Production-style cds build --production artifact idts.cap.HistoryEvents.hdbtable; reconciled with sanitized live HANA metadata in hana-production-readback-20260803.md.
idts.cap.HistoryEvents,idts_cap_HistoryEvents,actor_ID,NVARCHAR(36),NO,NO,,idts.cap.Users.ID,User-facing immutable audit event grouped by business action.,System audit; DonHV governance,Append-only audit retained for the project lifecycle.,db/schema.cds,Production-style cds build --production artifact idts.cap.HistoryEvents.hdbtable; reconciled with sanitized live HANA metadata in hana-production-readback-20260803.md.
idts.cap.HistoryEvents,idts_cap_HistoryEvents,actorRole_code,NVARCHAR(40),NO,YES,,idts.cap.UserRoles.code,User-facing immutable audit event grouped by business action.,System audit; DonHV governance,Append-only audit retained for the project lifecycle.,db/schema.cds,Production-style cds build --production artifact idts.cap.HistoryEvents.hdbtable; reconciled with sanitized live HANA metadata in hana-production-readback-20260803.md.
idts.cap.HistoryEvents,idts_cap_HistoryEvents,actionType_code,NVARCHAR(40),NO,NO,,idts.cap.ActionTypes.code,User-facing immutable audit event grouped by business action.,System audit; DonHV governance,Append-only audit retained for the project lifecycle.,db/schema.cds,Production-style cds build --production artifact idts.cap.HistoryEvents.hdbtable; reconciled with sanitized live HANA metadata in hana-production-readback-20260803.md.
idts.cap.HistoryEvents,idts_cap_HistoryEvents,summary,NVARCHAR(500),NO,NO,,,User-facing immutable audit event grouped by business action.,System audit; DonHV governance,Append-only audit retained for the project lifecycle.,db/schema.cds,Production-style cds build --production artifact idts.cap.HistoryEvents.hdbtable; reconciled with sanitized live HANA metadata in hana-production-readback-20260803.md.
idts.cap.HistoryEvents,idts_cap_HistoryEvents,reason,NCLOB,NO,YES,,,User-facing immutable audit event grouped by business action.,System audit; DonHV governance,Append-only audit retained for the project lifecycle.,db/schema.cds,Production-style cds build --production artifact idts.cap.HistoryEvents.hdbtable; reconciled with sanitized live HANA metadata in hana-production-readback-20260803.md.
idts.cap.HistoryLogs,idts_cap_HistoryLogs,ID,NVARCHAR(36),YES,NO,,,Append-only field-level changes belonging to a HistoryEvent.,System audit; DonHV governance,Append-only audit retained for the project lifecycle.,db/schema.cds,Production-style cds build --production artifact idts.cap.HistoryLogs.hdbtable; reconciled with sanitized live HANA metadata in hana-production-readback-20260803.md.
idts.cap.HistoryLogs,idts_cap_HistoryLogs,createdAt,TIMESTAMP,NO,YES,,,Append-only field-level changes belonging to a HistoryEvent.,System audit; DonHV governance,Append-only audit retained for the project lifecycle.,db/schema.cds,Production-style cds build --production artifact idts.cap.HistoryLogs.hdbtable; reconciled with sanitized live HANA metadata in hana-production-readback-20260803.md.
idts.cap.HistoryLogs,idts_cap_HistoryLogs,createdBy,NVARCHAR(255),NO,YES,,,Append-only field-level changes belonging to a HistoryEvent.,System audit; DonHV governance,Append-only audit retained for the project lifecycle.,db/schema.cds,Production-style cds build --production artifact idts.cap.HistoryLogs.hdbtable; reconciled with sanitized live HANA metadata in hana-production-readback-20260803.md.
idts.cap.HistoryLogs,idts_cap_HistoryLogs,modifiedAt,TIMESTAMP,NO,YES,,,Append-only field-level changes belonging to a HistoryEvent.,System audit; DonHV governance,Append-only audit retained for the project lifecycle.,db/schema.cds,Production-style cds build --production artifact idts.cap.HistoryLogs.hdbtable; reconciled with sanitized live HANA metadata in hana-production-readback-20260803.md.
idts.cap.HistoryLogs,idts_cap_HistoryLogs,modifiedBy,NVARCHAR(255),NO,YES,,,Append-only field-level changes belonging to a HistoryEvent.,System audit; DonHV governance,Append-only audit retained for the project lifecycle.,db/schema.cds,Production-style cds build --production artifact idts.cap.HistoryLogs.hdbtable; reconciled with sanitized live HANA metadata in hana-production-readback-20260803.md.
idts.cap.HistoryLogs,idts_cap_HistoryLogs,bug_ID,NVARCHAR(36),NO,NO,,idts.cap.Bugs.ID,Append-only field-level changes belonging to a HistoryEvent.,System audit; DonHV governance,Append-only audit retained for the project lifecycle.,db/schema.cds,Production-style cds build --production artifact idts.cap.HistoryLogs.hdbtable; reconciled with sanitized live HANA metadata in hana-production-readback-20260803.md.
idts.cap.HistoryLogs,idts_cap_HistoryLogs,event_ID,NVARCHAR(36),NO,NO,,idts.cap.HistoryEvents.ID,Append-only field-level changes belonging to a HistoryEvent.,System audit; DonHV governance,Append-only audit retained for the project lifecycle.,db/schema.cds,Production-style cds build --production artifact idts.cap.HistoryLogs.hdbtable; reconciled with sanitized live HANA metadata in hana-production-readback-20260803.md.
idts.cap.HistoryLogs,idts_cap_HistoryLogs,actor_ID,NVARCHAR(36),NO,NO,,idts.cap.Users.ID,Append-only field-level changes belonging to a HistoryEvent.,System audit; DonHV governance,Append-only audit retained for the project lifecycle.,db/schema.cds,Production-style cds build --production artifact idts.cap.HistoryLogs.hdbtable; reconciled with sanitized live HANA metadata in hana-production-readback-20260803.md.
idts.cap.HistoryLogs,idts_cap_HistoryLogs,actorRole_code,NVARCHAR(40),NO,YES,,idts.cap.UserRoles.code,Append-only field-level changes belonging to a HistoryEvent.,System audit; DonHV governance,Append-only audit retained for the project lifecycle.,db/schema.cds,Production-style cds build --production artifact idts.cap.HistoryLogs.hdbtable; reconciled with sanitized live HANA metadata in hana-production-readback-20260803.md.
idts.cap.HistoryLogs,idts_cap_HistoryLogs,actionType_code,NVARCHAR(40),NO,NO,,idts.cap.ActionTypes.code,Append-only field-level changes belonging to a HistoryEvent.,System audit; DonHV governance,Append-only audit retained for the project lifecycle.,db/schema.cds,Production-style cds build --production artifact idts.cap.HistoryLogs.hdbtable; reconciled with sanitized live HANA metadata in hana-production-readback-20260803.md.
idts.cap.HistoryLogs,idts_cap_HistoryLogs,fieldName,NVARCHAR(80),NO,YES,,,Append-only field-level changes belonging to a HistoryEvent.,System audit; DonHV governance,Append-only audit retained for the project lifecycle.,db/schema.cds,Production-style cds build --production artifact idts.cap.HistoryLogs.hdbtable; reconciled with sanitized live HANA metadata in hana-production-readback-20260803.md.
idts.cap.HistoryLogs,idts_cap_HistoryLogs,fieldLabel,NVARCHAR(120),NO,YES,,,Append-only field-level changes belonging to a HistoryEvent.,System audit; DonHV governance,Append-only audit retained for the project lifecycle.,db/schema.cds,Production-style cds build --production artifact idts.cap.HistoryLogs.hdbtable; reconciled with sanitized live HANA metadata in hana-production-readback-20260803.md.
idts.cap.HistoryLogs,idts_cap_HistoryLogs,oldValue,NVARCHAR(1000),NO,YES,,,Append-only field-level changes belonging to a HistoryEvent.,System audit; DonHV governance,Append-only audit retained for the project lifecycle.,db/schema.cds,Production-style cds build --production artifact idts.cap.HistoryLogs.hdbtable; reconciled with sanitized live HANA metadata in hana-production-readback-20260803.md.
idts.cap.HistoryLogs,idts_cap_HistoryLogs,oldValueDisplay,NVARCHAR(1000),NO,YES,,,Append-only field-level changes belonging to a HistoryEvent.,System audit; DonHV governance,Append-only audit retained for the project lifecycle.,db/schema.cds,Production-style cds build --production artifact idts.cap.HistoryLogs.hdbtable; reconciled with sanitized live HANA metadata in hana-production-readback-20260803.md.
idts.cap.HistoryLogs,idts_cap_HistoryLogs,newValue,NVARCHAR(1000),NO,YES,,,Append-only field-level changes belonging to a HistoryEvent.,System audit; DonHV governance,Append-only audit retained for the project lifecycle.,db/schema.cds,Production-style cds build --production artifact idts.cap.HistoryLogs.hdbtable; reconciled with sanitized live HANA metadata in hana-production-readback-20260803.md.
idts.cap.HistoryLogs,idts_cap_HistoryLogs,newValueDisplay,NVARCHAR(1000),NO,YES,,,Append-only field-level changes belonging to a HistoryEvent.,System audit; DonHV governance,Append-only audit retained for the project lifecycle.,db/schema.cds,Production-style cds build --production artifact idts.cap.HistoryLogs.hdbtable; reconciled with sanitized live HANA metadata in hana-production-readback-20260803.md.
idts.cap.HistoryLogs,idts_cap_HistoryLogs,reason,NCLOB,NO,YES,,,Append-only field-level changes belonging to a HistoryEvent.,System audit; DonHV governance,Append-only audit retained for the project lifecycle.,db/schema.cds,Production-style cds build --production artifact idts.cap.HistoryLogs.hdbtable; reconciled with sanitized live HANA metadata in hana-production-readback-20260803.md.
idts.cap.NotificationChannels,idts_cap_NotificationChannels,code,NVARCHAR(40),YES,NO,,,In-app and email channel code list.,PM / DonHV master-data governance,Project lifecycle or until an authorized business deletion applies.,db/schema.cds,Production-style cds build --production artifact idts.cap.NotificationChannels.hdbtable; reconciled with sanitized live HANA metadata in hana-production-readback-20260803.md.
idts.cap.NotificationChannels,idts_cap_NotificationChannels,name,NVARCHAR(120),NO,NO,,,In-app and email channel code list.,PM / DonHV master-data governance,Project lifecycle or until an authorized business deletion applies.,db/schema.cds,Production-style cds build --production artifact idts.cap.NotificationChannels.hdbtable; reconciled with sanitized live HANA metadata in hana-production-readback-20260803.md.
idts.cap.NotificationChannels,idts_cap_NotificationChannels,descr,NVARCHAR(255),NO,YES,,,In-app and email channel code list.,PM / DonHV master-data governance,Project lifecycle or until an authorized business deletion applies.,db/schema.cds,Production-style cds build --production artifact idts.cap.NotificationChannels.hdbtable; reconciled with sanitized live HANA metadata in hana-production-readback-20260803.md.
idts.cap.NotificationChannels,idts_cap_NotificationChannels,sortOrder,INTEGER,NO,YES,,,In-app and email channel code list.,PM / DonHV master-data governance,Project lifecycle or until an authorized business deletion applies.,db/schema.cds,Production-style cds build --production artifact idts.cap.NotificationChannels.hdbtable; reconciled with sanitized live HANA metadata in hana-production-readback-20260803.md.
idts.cap.NotificationChannels,idts_cap_NotificationChannels,active,BOOLEAN,NO,YES,TRUE,,In-app and email channel code list.,PM / DonHV master-data governance,Project lifecycle or until an authorized business deletion applies.,db/schema.cds,Production-style cds build --production artifact idts.cap.NotificationChannels.hdbtable; reconciled with sanitized live HANA metadata in hana-production-readback-20260803.md.
idts.cap.NotificationChannels,idts_cap_NotificationChannels,criticality,INTEGER,NO,YES,,,In-app and email channel code list.,PM / DonHV master-data governance,Project lifecycle or until an authorized business deletion applies.,db/schema.cds,Production-style cds build --production artifact idts.cap.NotificationChannels.hdbtable; reconciled with sanitized live HANA metadata in hana-production-readback-20260803.md.
idts.cap.NotificationDeliveries,idts_cap_NotificationDeliveries,ID,NVARCHAR(36),YES,NO,,,"Email outbox payload, retry, lock and provider delivery state.",System notification pipeline; DonHV operations,Operational delivery audit retained with sanitized provider details.,db/schema.cds,Production-style cds build --production artifact idts.cap.NotificationDeliveries.hdbtable; reconciled with sanitized live HANA metadata in hana-production-readback-20260803.md.
idts.cap.NotificationDeliveries,idts_cap_NotificationDeliveries,createdAt,TIMESTAMP,NO,YES,,,"Email outbox payload, retry, lock and provider delivery state.",System notification pipeline; DonHV operations,Operational delivery audit retained with sanitized provider details.,db/schema.cds,Production-style cds build --production artifact idts.cap.NotificationDeliveries.hdbtable; reconciled with sanitized live HANA metadata in hana-production-readback-20260803.md.
idts.cap.NotificationDeliveries,idts_cap_NotificationDeliveries,createdBy,NVARCHAR(255),NO,YES,,,"Email outbox payload, retry, lock and provider delivery state.",System notification pipeline; DonHV operations,Operational delivery audit retained with sanitized provider details.,db/schema.cds,Production-style cds build --production artifact idts.cap.NotificationDeliveries.hdbtable; reconciled with sanitized live HANA metadata in hana-production-readback-20260803.md.
idts.cap.NotificationDeliveries,idts_cap_NotificationDeliveries,modifiedAt,TIMESTAMP,NO,YES,,,"Email outbox payload, retry, lock and provider delivery state.",System notification pipeline; DonHV operations,Operational delivery audit retained with sanitized provider details.,db/schema.cds,Production-style cds build --production artifact idts.cap.NotificationDeliveries.hdbtable; reconciled with sanitized live HANA metadata in hana-production-readback-20260803.md.
idts.cap.NotificationDeliveries,idts_cap_NotificationDeliveries,modifiedBy,NVARCHAR(255),NO,YES,,,"Email outbox payload, retry, lock and provider delivery state.",System notification pipeline; DonHV operations,Operational delivery audit retained with sanitized provider details.,db/schema.cds,Production-style cds build --production artifact idts.cap.NotificationDeliveries.hdbtable; reconciled with sanitized live HANA metadata in hana-production-readback-20260803.md.
idts.cap.NotificationDeliveries,idts_cap_NotificationDeliveries,notification_ID,NVARCHAR(36),NO,NO,,idts.cap.Notifications.ID,"Email outbox payload, retry, lock and provider delivery state.",System notification pipeline; DonHV operations,Operational delivery audit retained with sanitized provider details.,db/schema.cds,Production-style cds build --production artifact idts.cap.NotificationDeliveries.hdbtable; reconciled with sanitized live HANA metadata in hana-production-readback-20260803.md.
idts.cap.NotificationDeliveries,idts_cap_NotificationDeliveries,channel_code,NVARCHAR(40),NO,NO,,idts.cap.NotificationChannels.code,"Email outbox payload, retry, lock and provider delivery state.",System notification pipeline; DonHV operations,Operational delivery audit retained with sanitized provider details.,db/schema.cds,Production-style cds build --production artifact idts.cap.NotificationDeliveries.hdbtable; reconciled with sanitized live HANA metadata in hana-production-readback-20260803.md.
idts.cap.NotificationDeliveries,idts_cap_NotificationDeliveries,recipientEmail,NVARCHAR(255),NO,YES,,,"Email outbox payload, retry, lock and provider delivery state.",System notification pipeline; DonHV operations,Operational delivery audit retained with sanitized provider details.,db/schema.cds,Production-style cds build --production artifact idts.cap.NotificationDeliveries.hdbtable; reconciled with sanitized live HANA metadata in hana-production-readback-20260803.md.
idts.cap.NotificationDeliveries,idts_cap_NotificationDeliveries,templateKey,NVARCHAR(80),NO,NO,,,"Email outbox payload, retry, lock and provider delivery state.",System notification pipeline; DonHV operations,Operational delivery audit retained with sanitized provider details.,db/schema.cds,Production-style cds build --production artifact idts.cap.NotificationDeliveries.hdbtable; reconciled with sanitized live HANA metadata in hana-production-readback-20260803.md.
idts.cap.NotificationDeliveries,idts_cap_NotificationDeliveries,subject,NVARCHAR(255),NO,NO,,,"Email outbox payload, retry, lock and provider delivery state.",System notification pipeline; DonHV operations,Operational delivery audit retained with sanitized provider details.,db/schema.cds,Production-style cds build --production artifact idts.cap.NotificationDeliveries.hdbtable; reconciled with sanitized live HANA metadata in hana-production-readback-20260803.md.
idts.cap.NotificationDeliveries,idts_cap_NotificationDeliveries,textBody,NCLOB,NO,NO,,,"Email outbox payload, retry, lock and provider delivery state.",System notification pipeline; DonHV operations,Operational delivery audit retained with sanitized provider details.,db/schema.cds,Production-style cds build --production artifact idts.cap.NotificationDeliveries.hdbtable; reconciled with sanitized live HANA metadata in hana-production-readback-20260803.md.
idts.cap.NotificationDeliveries,idts_cap_NotificationDeliveries,htmlBody,NCLOB,NO,NO,,,"Email outbox payload, retry, lock and provider delivery state.",System notification pipeline; DonHV operations,Operational delivery audit retained with sanitized provider details.,db/schema.cds,Production-style cds build --production artifact idts.cap.NotificationDeliveries.hdbtable; reconciled with sanitized live HANA metadata in hana-production-readback-20260803.md.
idts.cap.NotificationDeliveries,idts_cap_NotificationDeliveries,status_code,NVARCHAR(40),NO,NO,,idts.cap.NotificationDeliveryStatuses.code,"Email outbox payload, retry, lock and provider delivery state.",System notification pipeline; DonHV operations,Operational delivery audit retained with sanitized provider details.,db/schema.cds,Production-style cds build --production artifact idts.cap.NotificationDeliveries.hdbtable; reconciled with sanitized live HANA metadata in hana-production-readback-20260803.md.
idts.cap.NotificationDeliveries,idts_cap_NotificationDeliveries,attemptCount,INTEGER,NO,NO,0,,"Email outbox payload, retry, lock and provider delivery state.",System notification pipeline; DonHV operations,Operational delivery audit retained with sanitized provider details.,db/schema.cds,Production-style cds build --production artifact idts.cap.NotificationDeliveries.hdbtable; reconciled with sanitized live HANA metadata in hana-production-readback-20260803.md.
idts.cap.NotificationDeliveries,idts_cap_NotificationDeliveries,nextAttemptAt,TIMESTAMP,NO,YES,,,"Email outbox payload, retry, lock and provider delivery state.",System notification pipeline; DonHV operations,Operational delivery audit retained with sanitized provider details.,db/schema.cds,Production-style cds build --production artifact idts.cap.NotificationDeliveries.hdbtable; reconciled with sanitized live HANA metadata in hana-production-readback-20260803.md.
idts.cap.NotificationDeliveries,idts_cap_NotificationDeliveries,lastAttemptAt,TIMESTAMP,NO,YES,,,"Email outbox payload, retry, lock and provider delivery state.",System notification pipeline; DonHV operations,Operational delivery audit retained with sanitized provider details.,db/schema.cds,Production-style cds build --production artifact idts.cap.NotificationDeliveries.hdbtable; reconciled with sanitized live HANA metadata in hana-production-readback-20260803.md.
idts.cap.NotificationDeliveries,idts_cap_NotificationDeliveries,sentAt,TIMESTAMP,NO,YES,,,"Email outbox payload, retry, lock and provider delivery state.",System notification pipeline; DonHV operations,Operational delivery audit retained with sanitized provider details.,db/schema.cds,Production-style cds build --production artifact idts.cap.NotificationDeliveries.hdbtable; reconciled with sanitized live HANA metadata in hana-production-readback-20260803.md.
idts.cap.NotificationDeliveries,idts_cap_NotificationDeliveries,lastErrorCode,NVARCHAR(80),NO,YES,,,"Email outbox payload, retry, lock and provider delivery state.",System notification pipeline; DonHV operations,Operational delivery audit retained with sanitized provider details.,db/schema.cds,Production-style cds build --production artifact idts.cap.NotificationDeliveries.hdbtable; reconciled with sanitized live HANA metadata in hana-production-readback-20260803.md.
idts.cap.NotificationDeliveries,idts_cap_NotificationDeliveries,lastErrorSummary,NVARCHAR(500),NO,YES,,,"Email outbox payload, retry, lock and provider delivery state.",System notification pipeline; DonHV operations,Operational delivery audit retained with sanitized provider details.,db/schema.cds,Production-style cds build --production artifact idts.cap.NotificationDeliveries.hdbtable; reconciled with sanitized live HANA metadata in hana-production-readback-20260803.md.
idts.cap.NotificationDeliveries,idts_cap_NotificationDeliveries,providerMessageId,NVARCHAR(255),NO,YES,,,"Email outbox payload, retry, lock and provider delivery state.",System notification pipeline; DonHV operations,Operational delivery audit retained with sanitized provider details.,db/schema.cds,Production-style cds build --production artifact idts.cap.NotificationDeliveries.hdbtable; reconciled with sanitized live HANA metadata in hana-production-readback-20260803.md.
idts.cap.NotificationDeliveries,idts_cap_NotificationDeliveries,lockedUntil,TIMESTAMP,NO,YES,,,"Email outbox payload, retry, lock and provider delivery state.",System notification pipeline; DonHV operations,Operational delivery audit retained with sanitized provider details.,db/schema.cds,Production-style cds build --production artifact idts.cap.NotificationDeliveries.hdbtable; reconciled with sanitized live HANA metadata in hana-production-readback-20260803.md.
idts.cap.NotificationDeliveries,idts_cap_NotificationDeliveries,lockToken,NVARCHAR(64),NO,YES,,,"Email outbox payload, retry, lock and provider delivery state.",System notification pipeline; DonHV operations,Operational delivery audit retained with sanitized provider details.,db/schema.cds,Production-style cds build --production artifact idts.cap.NotificationDeliveries.hdbtable; reconciled with sanitized live HANA metadata in hana-production-readback-20260803.md.
idts.cap.NotificationDeliveryStatuses,idts_cap_NotificationDeliveryStatuses,code,NVARCHAR(40),YES,NO,,,Delivery state catalog for in-app and email processing.,PM / DonHV master-data governance,Project lifecycle or until an authorized business deletion applies.,db/schema.cds,Production-style cds build --production artifact idts.cap.NotificationDeliveryStatuses.hdbtable; reconciled with sanitized live HANA metadata in hana-production-readback-20260803.md.
idts.cap.NotificationDeliveryStatuses,idts_cap_NotificationDeliveryStatuses,name,NVARCHAR(120),NO,NO,,,Delivery state catalog for in-app and email processing.,PM / DonHV master-data governance,Project lifecycle or until an authorized business deletion applies.,db/schema.cds,Production-style cds build --production artifact idts.cap.NotificationDeliveryStatuses.hdbtable; reconciled with sanitized live HANA metadata in hana-production-readback-20260803.md.
idts.cap.NotificationDeliveryStatuses,idts_cap_NotificationDeliveryStatuses,descr,NVARCHAR(255),NO,YES,,,Delivery state catalog for in-app and email processing.,PM / DonHV master-data governance,Project lifecycle or until an authorized business deletion applies.,db/schema.cds,Production-style cds build --production artifact idts.cap.NotificationDeliveryStatuses.hdbtable; reconciled with sanitized live HANA metadata in hana-production-readback-20260803.md.
idts.cap.NotificationDeliveryStatuses,idts_cap_NotificationDeliveryStatuses,sortOrder,INTEGER,NO,YES,,,Delivery state catalog for in-app and email processing.,PM / DonHV master-data governance,Project lifecycle or until an authorized business deletion applies.,db/schema.cds,Production-style cds build --production artifact idts.cap.NotificationDeliveryStatuses.hdbtable; reconciled with sanitized live HANA metadata in hana-production-readback-20260803.md.
idts.cap.NotificationDeliveryStatuses,idts_cap_NotificationDeliveryStatuses,active,BOOLEAN,NO,YES,TRUE,,Delivery state catalog for in-app and email processing.,PM / DonHV master-data governance,Project lifecycle or until an authorized business deletion applies.,db/schema.cds,Production-style cds build --production artifact idts.cap.NotificationDeliveryStatuses.hdbtable; reconciled with sanitized live HANA metadata in hana-production-readback-20260803.md.
idts.cap.NotificationDeliveryStatuses,idts_cap_NotificationDeliveryStatuses,criticality,INTEGER,NO,YES,,,Delivery state catalog for in-app and email processing.,PM / DonHV master-data governance,Project lifecycle or until an authorized business deletion applies.,db/schema.cds,Production-style cds build --production artifact idts.cap.NotificationDeliveryStatuses.hdbtable; reconciled with sanitized live HANA metadata in hana-production-readback-20260803.md.
idts.cap.NotificationEventTypes,idts_cap_NotificationEventTypes,code,NVARCHAR(40),YES,NO,,,Notification business-event code list.,PM / DonHV master-data governance,Project lifecycle or until an authorized business deletion applies.,db/schema.cds,Production-style cds build --production artifact idts.cap.NotificationEventTypes.hdbtable; reconciled with sanitized live HANA metadata in hana-production-readback-20260803.md.
idts.cap.NotificationEventTypes,idts_cap_NotificationEventTypes,name,NVARCHAR(120),NO,NO,,,Notification business-event code list.,PM / DonHV master-data governance,Project lifecycle or until an authorized business deletion applies.,db/schema.cds,Production-style cds build --production artifact idts.cap.NotificationEventTypes.hdbtable; reconciled with sanitized live HANA metadata in hana-production-readback-20260803.md.
idts.cap.NotificationEventTypes,idts_cap_NotificationEventTypes,descr,NVARCHAR(255),NO,YES,,,Notification business-event code list.,PM / DonHV master-data governance,Project lifecycle or until an authorized business deletion applies.,db/schema.cds,Production-style cds build --production artifact idts.cap.NotificationEventTypes.hdbtable; reconciled with sanitized live HANA metadata in hana-production-readback-20260803.md.
idts.cap.NotificationEventTypes,idts_cap_NotificationEventTypes,sortOrder,INTEGER,NO,YES,,,Notification business-event code list.,PM / DonHV master-data governance,Project lifecycle or until an authorized business deletion applies.,db/schema.cds,Production-style cds build --production artifact idts.cap.NotificationEventTypes.hdbtable; reconciled with sanitized live HANA metadata in hana-production-readback-20260803.md.
idts.cap.NotificationEventTypes,idts_cap_NotificationEventTypes,active,BOOLEAN,NO,YES,TRUE,,Notification business-event code list.,PM / DonHV master-data governance,Project lifecycle or until an authorized business deletion applies.,db/schema.cds,Production-style cds build --production artifact idts.cap.NotificationEventTypes.hdbtable; reconciled with sanitized live HANA metadata in hana-production-readback-20260803.md.
idts.cap.NotificationEventTypes,idts_cap_NotificationEventTypes,criticality,INTEGER,NO,YES,,,Notification business-event code list.,PM / DonHV master-data governance,Project lifecycle or until an authorized business deletion applies.,db/schema.cds,Production-style cds build --production artifact idts.cap.NotificationEventTypes.hdbtable; reconciled with sanitized live HANA metadata in hana-production-readback-20260803.md.
idts.cap.Notifications,idts_cap_Notifications,ID,NVARCHAR(36),YES,NO,,,In-app notification event and recipient state.,System notification pipeline; DonHV operations,Project lifecycle or until an authorized business deletion applies.,db/schema.cds,Production-style cds build --production artifact idts.cap.Notifications.hdbtable; reconciled with sanitized live HANA metadata in hana-production-readback-20260803.md.
idts.cap.Notifications,idts_cap_Notifications,createdAt,TIMESTAMP,NO,YES,,,In-app notification event and recipient state.,System notification pipeline; DonHV operations,Project lifecycle or until an authorized business deletion applies.,db/schema.cds,Production-style cds build --production artifact idts.cap.Notifications.hdbtable; reconciled with sanitized live HANA metadata in hana-production-readback-20260803.md.
idts.cap.Notifications,idts_cap_Notifications,createdBy,NVARCHAR(255),NO,YES,,,In-app notification event and recipient state.,System notification pipeline; DonHV operations,Project lifecycle or until an authorized business deletion applies.,db/schema.cds,Production-style cds build --production artifact idts.cap.Notifications.hdbtable; reconciled with sanitized live HANA metadata in hana-production-readback-20260803.md.
idts.cap.Notifications,idts_cap_Notifications,modifiedAt,TIMESTAMP,NO,YES,,,In-app notification event and recipient state.,System notification pipeline; DonHV operations,Project lifecycle or until an authorized business deletion applies.,db/schema.cds,Production-style cds build --production artifact idts.cap.Notifications.hdbtable; reconciled with sanitized live HANA metadata in hana-production-readback-20260803.md.
idts.cap.Notifications,idts_cap_Notifications,modifiedBy,NVARCHAR(255),NO,YES,,,In-app notification event and recipient state.,System notification pipeline; DonHV operations,Project lifecycle or until an authorized business deletion applies.,db/schema.cds,Production-style cds build --production artifact idts.cap.Notifications.hdbtable; reconciled with sanitized live HANA metadata in hana-production-readback-20260803.md.
idts.cap.Notifications,idts_cap_Notifications,bug_ID,NVARCHAR(36),NO,NO,,idts.cap.Bugs.ID,In-app notification event and recipient state.,System notification pipeline; DonHV operations,Project lifecycle or until an authorized business deletion applies.,db/schema.cds,Production-style cds build --production artifact idts.cap.Notifications.hdbtable; reconciled with sanitized live HANA metadata in hana-production-readback-20260803.md.
idts.cap.Notifications,idts_cap_Notifications,recipient_ID,NVARCHAR(36),NO,NO,,idts.cap.Users.ID,In-app notification event and recipient state.,System notification pipeline; DonHV operations,Project lifecycle or until an authorized business deletion applies.,db/schema.cds,Production-style cds build --production artifact idts.cap.Notifications.hdbtable; reconciled with sanitized live HANA metadata in hana-production-readback-20260803.md.
idts.cap.Notifications,idts_cap_Notifications,eventType_code,NVARCHAR(40),NO,NO,,idts.cap.NotificationEventTypes.code,In-app notification event and recipient state.,System notification pipeline; DonHV operations,Project lifecycle or until an authorized business deletion applies.,db/schema.cds,Production-style cds build --production artifact idts.cap.Notifications.hdbtable; reconciled with sanitized live HANA metadata in hana-production-readback-20260803.md.
idts.cap.Notifications,idts_cap_Notifications,channel_code,NVARCHAR(40),NO,YES,,idts.cap.NotificationChannels.code,In-app notification event and recipient state.,System notification pipeline; DonHV operations,Project lifecycle or until an authorized business deletion applies.,db/schema.cds,Production-style cds build --production artifact idts.cap.Notifications.hdbtable; reconciled with sanitized live HANA metadata in hana-production-readback-20260803.md.
idts.cap.Notifications,idts_cap_Notifications,deliveryStatus_code,NVARCHAR(40),NO,NO,,idts.cap.NotificationDeliveryStatuses.code,In-app notification event and recipient state.,System notification pipeline; DonHV operations,Project lifecycle or until an authorized business deletion applies.,db/schema.cds,Production-style cds build --production artifact idts.cap.Notifications.hdbtable; reconciled with sanitized live HANA metadata in hana-production-readback-20260803.md.
idts.cap.Notifications,idts_cap_Notifications,message,NVARCHAR(500),NO,YES,,,In-app notification event and recipient state.,System notification pipeline; DonHV operations,Project lifecycle or until an authorized business deletion applies.,db/schema.cds,Production-style cds build --production artifact idts.cap.Notifications.hdbtable; reconciled with sanitized live HANA metadata in hana-production-readback-20260803.md.
idts.cap.Notifications,idts_cap_Notifications,sentAt,TIMESTAMP,NO,YES,,,In-app notification event and recipient state.,System notification pipeline; DonHV operations,Project lifecycle or until an authorized business deletion applies.,db/schema.cds,Production-style cds build --production artifact idts.cap.Notifications.hdbtable; reconciled with sanitized live HANA metadata in hana-production-readback-20260803.md.
idts.cap.PriorityValues,idts_cap_PriorityValues,code,NVARCHAR(40),YES,NO,,,Bug priority code list.,PM / DonHV master-data governance,Project lifecycle or until an authorized business deletion applies.,db/schema.cds,Production-style cds build --production artifact idts.cap.PriorityValues.hdbtable; reconciled with sanitized live HANA metadata in hana-production-readback-20260803.md.
idts.cap.PriorityValues,idts_cap_PriorityValues,name,NVARCHAR(120),NO,NO,,,Bug priority code list.,PM / DonHV master-data governance,Project lifecycle or until an authorized business deletion applies.,db/schema.cds,Production-style cds build --production artifact idts.cap.PriorityValues.hdbtable; reconciled with sanitized live HANA metadata in hana-production-readback-20260803.md.
idts.cap.PriorityValues,idts_cap_PriorityValues,descr,NVARCHAR(255),NO,YES,,,Bug priority code list.,PM / DonHV master-data governance,Project lifecycle or until an authorized business deletion applies.,db/schema.cds,Production-style cds build --production artifact idts.cap.PriorityValues.hdbtable; reconciled with sanitized live HANA metadata in hana-production-readback-20260803.md.
idts.cap.PriorityValues,idts_cap_PriorityValues,sortOrder,INTEGER,NO,YES,,,Bug priority code list.,PM / DonHV master-data governance,Project lifecycle or until an authorized business deletion applies.,db/schema.cds,Production-style cds build --production artifact idts.cap.PriorityValues.hdbtable; reconciled with sanitized live HANA metadata in hana-production-readback-20260803.md.
idts.cap.PriorityValues,idts_cap_PriorityValues,active,BOOLEAN,NO,YES,TRUE,,Bug priority code list.,PM / DonHV master-data governance,Project lifecycle or until an authorized business deletion applies.,db/schema.cds,Production-style cds build --production artifact idts.cap.PriorityValues.hdbtable; reconciled with sanitized live HANA metadata in hana-production-readback-20260803.md.
idts.cap.PriorityValues,idts_cap_PriorityValues,criticality,INTEGER,NO,YES,,,Bug priority code list.,PM / DonHV master-data governance,Project lifecycle or until an authorized business deletion applies.,db/schema.cds,Production-style cds build --production artifact idts.cap.PriorityValues.hdbtable; reconciled with sanitized live HANA metadata in hana-production-readback-20260803.md.
idts.cap.ProcessorRoleValues,idts_cap_ProcessorRoleValues,code,NVARCHAR(40),YES,NO,,,Current-action-owner role or queue code list.,PM / DonHV master-data governance,Project lifecycle or until an authorized business deletion applies.,db/schema.cds,Production-style cds build --production artifact idts.cap.ProcessorRoleValues.hdbtable; reconciled with sanitized live HANA metadata in hana-production-readback-20260803.md.
idts.cap.ProcessorRoleValues,idts_cap_ProcessorRoleValues,name,NVARCHAR(120),NO,NO,,,Current-action-owner role or queue code list.,PM / DonHV master-data governance,Project lifecycle or until an authorized business deletion applies.,db/schema.cds,Production-style cds build --production artifact idts.cap.ProcessorRoleValues.hdbtable; reconciled with sanitized live HANA metadata in hana-production-readback-20260803.md.
idts.cap.ProcessorRoleValues,idts_cap_ProcessorRoleValues,descr,NVARCHAR(255),NO,YES,,,Current-action-owner role or queue code list.,PM / DonHV master-data governance,Project lifecycle or until an authorized business deletion applies.,db/schema.cds,Production-style cds build --production artifact idts.cap.ProcessorRoleValues.hdbtable; reconciled with sanitized live HANA metadata in hana-production-readback-20260803.md.
idts.cap.ProcessorRoleValues,idts_cap_ProcessorRoleValues,sortOrder,INTEGER,NO,YES,,,Current-action-owner role or queue code list.,PM / DonHV master-data governance,Project lifecycle or until an authorized business deletion applies.,db/schema.cds,Production-style cds build --production artifact idts.cap.ProcessorRoleValues.hdbtable; reconciled with sanitized live HANA metadata in hana-production-readback-20260803.md.
idts.cap.ProcessorRoleValues,idts_cap_ProcessorRoleValues,active,BOOLEAN,NO,YES,TRUE,,Current-action-owner role or queue code list.,PM / DonHV master-data governance,Project lifecycle or until an authorized business deletion applies.,db/schema.cds,Production-style cds build --production artifact idts.cap.ProcessorRoleValues.hdbtable; reconciled with sanitized live HANA metadata in hana-production-readback-20260803.md.
idts.cap.ProcessorRoleValues,idts_cap_ProcessorRoleValues,criticality,INTEGER,NO,YES,,,Current-action-owner role or queue code list.,PM / DonHV master-data governance,Project lifecycle or until an authorized business deletion applies.,db/schema.cds,Production-style cds build --production artifact idts.cap.ProcessorRoleValues.hdbtable; reconciled with sanitized live HANA metadata in hana-production-readback-20260803.md.
idts.cap.ResponsibilityLevels,idts_cap_ResponsibilityLevels,code,NVARCHAR(40),YES,NO,,,Developer responsibility strength code list.,PM / DonHV master-data governance,Project lifecycle or until an authorized business deletion applies.,db/schema.cds,Production-style cds build --production artifact idts.cap.ResponsibilityLevels.hdbtable; reconciled with sanitized live HANA metadata in hana-production-readback-20260803.md.
idts.cap.ResponsibilityLevels,idts_cap_ResponsibilityLevels,name,NVARCHAR(120),NO,NO,,,Developer responsibility strength code list.,PM / DonHV master-data governance,Project lifecycle or until an authorized business deletion applies.,db/schema.cds,Production-style cds build --production artifact idts.cap.ResponsibilityLevels.hdbtable; reconciled with sanitized live HANA metadata in hana-production-readback-20260803.md.
idts.cap.ResponsibilityLevels,idts_cap_ResponsibilityLevels,descr,NVARCHAR(255),NO,YES,,,Developer responsibility strength code list.,PM / DonHV master-data governance,Project lifecycle or until an authorized business deletion applies.,db/schema.cds,Production-style cds build --production artifact idts.cap.ResponsibilityLevels.hdbtable; reconciled with sanitized live HANA metadata in hana-production-readback-20260803.md.
idts.cap.ResponsibilityLevels,idts_cap_ResponsibilityLevels,sortOrder,INTEGER,NO,YES,,,Developer responsibility strength code list.,PM / DonHV master-data governance,Project lifecycle or until an authorized business deletion applies.,db/schema.cds,Production-style cds build --production artifact idts.cap.ResponsibilityLevels.hdbtable; reconciled with sanitized live HANA metadata in hana-production-readback-20260803.md.
idts.cap.ResponsibilityLevels,idts_cap_ResponsibilityLevels,active,BOOLEAN,NO,YES,TRUE,,Developer responsibility strength code list.,PM / DonHV master-data governance,Project lifecycle or until an authorized business deletion applies.,db/schema.cds,Production-style cds build --production artifact idts.cap.ResponsibilityLevels.hdbtable; reconciled with sanitized live HANA metadata in hana-production-readback-20260803.md.
idts.cap.ResponsibilityLevels,idts_cap_ResponsibilityLevels,criticality,INTEGER,NO,YES,,,Developer responsibility strength code list.,PM / DonHV master-data governance,Project lifecycle or until an authorized business deletion applies.,db/schema.cds,Production-style cds build --production artifact idts.cap.ResponsibilityLevels.hdbtable; reconciled with sanitized live HANA metadata in hana-production-readback-20260803.md.
idts.cap.SAPModuleComponents,idts_cap_SAPModuleComponents,ID,NVARCHAR(36),YES,NO,,,Allowed SAP module-to-component mapping.,DonHV identity and assignment data,Project lifecycle or until an authorized business deletion applies.,db/schema.cds,Production-style cds build --production artifact idts.cap.SAPModuleComponents.hdbtable; reconciled with sanitized live HANA metadata in hana-production-readback-20260803.md.
idts.cap.SAPModuleComponents,idts_cap_SAPModuleComponents,createdAt,TIMESTAMP,NO,YES,,,Allowed SAP module-to-component mapping.,DonHV identity and assignment data,Project lifecycle or until an authorized business deletion applies.,db/schema.cds,Production-style cds build --production artifact idts.cap.SAPModuleComponents.hdbtable; reconciled with sanitized live HANA metadata in hana-production-readback-20260803.md.
idts.cap.SAPModuleComponents,idts_cap_SAPModuleComponents,createdBy,NVARCHAR(255),NO,YES,,,Allowed SAP module-to-component mapping.,DonHV identity and assignment data,Project lifecycle or until an authorized business deletion applies.,db/schema.cds,Production-style cds build --production artifact idts.cap.SAPModuleComponents.hdbtable; reconciled with sanitized live HANA metadata in hana-production-readback-20260803.md.
idts.cap.SAPModuleComponents,idts_cap_SAPModuleComponents,modifiedAt,TIMESTAMP,NO,YES,,,Allowed SAP module-to-component mapping.,DonHV identity and assignment data,Project lifecycle or until an authorized business deletion applies.,db/schema.cds,Production-style cds build --production artifact idts.cap.SAPModuleComponents.hdbtable; reconciled with sanitized live HANA metadata in hana-production-readback-20260803.md.
idts.cap.SAPModuleComponents,idts_cap_SAPModuleComponents,modifiedBy,NVARCHAR(255),NO,YES,,,Allowed SAP module-to-component mapping.,DonHV identity and assignment data,Project lifecycle or until an authorized business deletion applies.,db/schema.cds,Production-style cds build --production artifact idts.cap.SAPModuleComponents.hdbtable; reconciled with sanitized live HANA metadata in hana-production-readback-20260803.md.
idts.cap.SAPModuleComponents,idts_cap_SAPModuleComponents,sapModule_ID,NVARCHAR(36),NO,NO,,idts.cap.SAPModules.ID,Allowed SAP module-to-component mapping.,DonHV identity and assignment data,Project lifecycle or until an authorized business deletion applies.,db/schema.cds,Production-style cds build --production artifact idts.cap.SAPModuleComponents.hdbtable; reconciled with sanitized live HANA metadata in hana-production-readback-20260803.md.
idts.cap.SAPModuleComponents,idts_cap_SAPModuleComponents,component_ID,NVARCHAR(36),NO,NO,,idts.cap.ApplicationComponents.ID,Allowed SAP module-to-component mapping.,DonHV identity and assignment data,Project lifecycle or until an authorized business deletion applies.,db/schema.cds,Production-style cds build --production artifact idts.cap.SAPModuleComponents.hdbtable; reconciled with sanitized live HANA metadata in hana-production-readback-20260803.md.
idts.cap.SAPModuleComponents,idts_cap_SAPModuleComponents,active,BOOLEAN,NO,YES,TRUE,,Allowed SAP module-to-component mapping.,DonHV identity and assignment data,Project lifecycle or until an authorized business deletion applies.,db/schema.cds,Production-style cds build --production artifact idts.cap.SAPModuleComponents.hdbtable; reconciled with sanitized live HANA metadata in hana-production-readback-20260803.md.
idts.cap.SAPModules,idts_cap_SAPModules,ID,NVARCHAR(36),YES,NO,,,Optional SAP module classification master data.,PM / DonHV master-data governance,Project lifecycle or until an authorized business deletion applies.,db/schema.cds,Production-style cds build --production artifact idts.cap.SAPModules.hdbtable; reconciled with sanitized live HANA metadata in hana-production-readback-20260803.md.
idts.cap.SAPModules,idts_cap_SAPModules,createdAt,TIMESTAMP,NO,YES,,,Optional SAP module classification master data.,PM / DonHV master-data governance,Project lifecycle or until an authorized business deletion applies.,db/schema.cds,Production-style cds build --production artifact idts.cap.SAPModules.hdbtable; reconciled with sanitized live HANA metadata in hana-production-readback-20260803.md.
idts.cap.SAPModules,idts_cap_SAPModules,createdBy,NVARCHAR(255),NO,YES,,,Optional SAP module classification master data.,PM / DonHV master-data governance,Project lifecycle or until an authorized business deletion applies.,db/schema.cds,Production-style cds build --production artifact idts.cap.SAPModules.hdbtable; reconciled with sanitized live HANA metadata in hana-production-readback-20260803.md.
idts.cap.SAPModules,idts_cap_SAPModules,modifiedAt,TIMESTAMP,NO,YES,,,Optional SAP module classification master data.,PM / DonHV master-data governance,Project lifecycle or until an authorized business deletion applies.,db/schema.cds,Production-style cds build --production artifact idts.cap.SAPModules.hdbtable; reconciled with sanitized live HANA metadata in hana-production-readback-20260803.md.
idts.cap.SAPModules,idts_cap_SAPModules,modifiedBy,NVARCHAR(255),NO,YES,,,Optional SAP module classification master data.,PM / DonHV master-data governance,Project lifecycle or until an authorized business deletion applies.,db/schema.cds,Production-style cds build --production artifact idts.cap.SAPModules.hdbtable; reconciled with sanitized live HANA metadata in hana-production-readback-20260803.md.
idts.cap.SAPModules,idts_cap_SAPModules,code,NVARCHAR(20),NO,NO,,,Optional SAP module classification master data.,PM / DonHV master-data governance,Project lifecycle or until an authorized business deletion applies.,db/schema.cds,Production-style cds build --production artifact idts.cap.SAPModules.hdbtable; reconciled with sanitized live HANA metadata in hana-production-readback-20260803.md.
idts.cap.SAPModules,idts_cap_SAPModules,name,NVARCHAR(120),NO,NO,,,Optional SAP module classification master data.,PM / DonHV master-data governance,Project lifecycle or until an authorized business deletion applies.,db/schema.cds,Production-style cds build --production artifact idts.cap.SAPModules.hdbtable; reconciled with sanitized live HANA metadata in hana-production-readback-20260803.md.
idts.cap.SAPModules,idts_cap_SAPModules,active,BOOLEAN,NO,YES,TRUE,,Optional SAP module classification master data.,PM / DonHV master-data governance,Project lifecycle or until an authorized business deletion applies.,db/schema.cds,Production-style cds build --production artifact idts.cap.SAPModules.hdbtable; reconciled with sanitized live HANA metadata in hana-production-readback-20260803.md.
idts.cap.SeverityValues,idts_cap_SeverityValues,code,NVARCHAR(40),YES,NO,,,Bug severity code list.,PM / DonHV master-data governance,Project lifecycle or until an authorized business deletion applies.,db/schema.cds,Production-style cds build --production artifact idts.cap.SeverityValues.hdbtable; reconciled with sanitized live HANA metadata in hana-production-readback-20260803.md.
idts.cap.SeverityValues,idts_cap_SeverityValues,name,NVARCHAR(120),NO,NO,,,Bug severity code list.,PM / DonHV master-data governance,Project lifecycle or until an authorized business deletion applies.,db/schema.cds,Production-style cds build --production artifact idts.cap.SeverityValues.hdbtable; reconciled with sanitized live HANA metadata in hana-production-readback-20260803.md.
idts.cap.SeverityValues,idts_cap_SeverityValues,descr,NVARCHAR(255),NO,YES,,,Bug severity code list.,PM / DonHV master-data governance,Project lifecycle or until an authorized business deletion applies.,db/schema.cds,Production-style cds build --production artifact idts.cap.SeverityValues.hdbtable; reconciled with sanitized live HANA metadata in hana-production-readback-20260803.md.
idts.cap.SeverityValues,idts_cap_SeverityValues,sortOrder,INTEGER,NO,YES,,,Bug severity code list.,PM / DonHV master-data governance,Project lifecycle or until an authorized business deletion applies.,db/schema.cds,Production-style cds build --production artifact idts.cap.SeverityValues.hdbtable; reconciled with sanitized live HANA metadata in hana-production-readback-20260803.md.
idts.cap.SeverityValues,idts_cap_SeverityValues,active,BOOLEAN,NO,YES,TRUE,,Bug severity code list.,PM / DonHV master-data governance,Project lifecycle or until an authorized business deletion applies.,db/schema.cds,Production-style cds build --production artifact idts.cap.SeverityValues.hdbtable; reconciled with sanitized live HANA metadata in hana-production-readback-20260803.md.
idts.cap.SeverityValues,idts_cap_SeverityValues,criticality,INTEGER,NO,YES,,,Bug severity code list.,PM / DonHV master-data governance,Project lifecycle or until an authorized business deletion applies.,db/schema.cds,Production-style cds build --production artifact idts.cap.SeverityValues.hdbtable; reconciled with sanitized live HANA metadata in hana-production-readback-20260803.md.
idts.cap.StatusValues,idts_cap_StatusValues,code,NVARCHAR(40),YES,NO,,,Bug lifecycle status code list.,PM / DonHV master-data governance,Project lifecycle or until an authorized business deletion applies.,db/schema.cds,Production-style cds build --production artifact idts.cap.StatusValues.hdbtable; reconciled with sanitized live HANA metadata in hana-production-readback-20260803.md.
idts.cap.StatusValues,idts_cap_StatusValues,name,NVARCHAR(120),NO,NO,,,Bug lifecycle status code list.,PM / DonHV master-data governance,Project lifecycle or until an authorized business deletion applies.,db/schema.cds,Production-style cds build --production artifact idts.cap.StatusValues.hdbtable; reconciled with sanitized live HANA metadata in hana-production-readback-20260803.md.
idts.cap.StatusValues,idts_cap_StatusValues,descr,NVARCHAR(255),NO,YES,,,Bug lifecycle status code list.,PM / DonHV master-data governance,Project lifecycle or until an authorized business deletion applies.,db/schema.cds,Production-style cds build --production artifact idts.cap.StatusValues.hdbtable; reconciled with sanitized live HANA metadata in hana-production-readback-20260803.md.
idts.cap.StatusValues,idts_cap_StatusValues,sortOrder,INTEGER,NO,YES,,,Bug lifecycle status code list.,PM / DonHV master-data governance,Project lifecycle or until an authorized business deletion applies.,db/schema.cds,Production-style cds build --production artifact idts.cap.StatusValues.hdbtable; reconciled with sanitized live HANA metadata in hana-production-readback-20260803.md.
idts.cap.StatusValues,idts_cap_StatusValues,active,BOOLEAN,NO,YES,TRUE,,Bug lifecycle status code list.,PM / DonHV master-data governance,Project lifecycle or until an authorized business deletion applies.,db/schema.cds,Production-style cds build --production artifact idts.cap.StatusValues.hdbtable; reconciled with sanitized live HANA metadata in hana-production-readback-20260803.md.
idts.cap.StatusValues,idts_cap_StatusValues,criticality,INTEGER,NO,YES,,,Bug lifecycle status code list.,PM / DonHV master-data governance,Project lifecycle or until an authorized business deletion applies.,db/schema.cds,Production-style cds build --production artifact idts.cap.StatusValues.hdbtable; reconciled with sanitized live HANA metadata in hana-production-readback-20260803.md.
idts.cap.UserRoles,idts_cap_UserRoles,code,NVARCHAR(40),YES,NO,,,"Business-role code list for Tester, Developer and PM profiles.",PM / DonHV master-data governance,Project lifecycle or until an authorized business deletion applies.,db/schema.cds,Production-style cds build --production artifact idts.cap.UserRoles.hdbtable; reconciled with sanitized live HANA metadata in hana-production-readback-20260803.md.
idts.cap.UserRoles,idts_cap_UserRoles,name,NVARCHAR(120),NO,NO,,,"Business-role code list for Tester, Developer and PM profiles.",PM / DonHV master-data governance,Project lifecycle or until an authorized business deletion applies.,db/schema.cds,Production-style cds build --production artifact idts.cap.UserRoles.hdbtable; reconciled with sanitized live HANA metadata in hana-production-readback-20260803.md.
idts.cap.UserRoles,idts_cap_UserRoles,descr,NVARCHAR(255),NO,YES,,,"Business-role code list for Tester, Developer and PM profiles.",PM / DonHV master-data governance,Project lifecycle or until an authorized business deletion applies.,db/schema.cds,Production-style cds build --production artifact idts.cap.UserRoles.hdbtable; reconciled with sanitized live HANA metadata in hana-production-readback-20260803.md.
idts.cap.UserRoles,idts_cap_UserRoles,sortOrder,INTEGER,NO,YES,,,"Business-role code list for Tester, Developer and PM profiles.",PM / DonHV master-data governance,Project lifecycle or until an authorized business deletion applies.,db/schema.cds,Production-style cds build --production artifact idts.cap.UserRoles.hdbtable; reconciled with sanitized live HANA metadata in hana-production-readback-20260803.md.
idts.cap.UserRoles,idts_cap_UserRoles,active,BOOLEAN,NO,YES,TRUE,,"Business-role code list for Tester, Developer and PM profiles.",PM / DonHV master-data governance,Project lifecycle or until an authorized business deletion applies.,db/schema.cds,Production-style cds build --production artifact idts.cap.UserRoles.hdbtable; reconciled with sanitized live HANA metadata in hana-production-readback-20260803.md.
idts.cap.UserRoles,idts_cap_UserRoles,criticality,INTEGER,NO,YES,,,"Business-role code list for Tester, Developer and PM profiles.",PM / DonHV master-data governance,Project lifecycle or until an authorized business deletion applies.,db/schema.cds,Production-style cds build --production artifact idts.cap.UserRoles.hdbtable; reconciled with sanitized live HANA metadata in hana-production-readback-20260803.md.
idts.cap.Users,idts_cap_Users,ID,NVARCHAR(36),YES,NO,,,Internal IDTS business profile mapped to a platform identity on SAP BTP.,DonHV identity and assignment data,Project lifecycle or until an authorized business deletion applies.,db/schema.cds,Production-style cds build --production artifact idts.cap.Users.hdbtable; reconciled with sanitized live HANA metadata in hana-production-readback-20260803.md.
idts.cap.Users,idts_cap_Users,createdAt,TIMESTAMP,NO,YES,,,Internal IDTS business profile mapped to a platform identity on SAP BTP.,DonHV identity and assignment data,Project lifecycle or until an authorized business deletion applies.,db/schema.cds,Production-style cds build --production artifact idts.cap.Users.hdbtable; reconciled with sanitized live HANA metadata in hana-production-readback-20260803.md.
idts.cap.Users,idts_cap_Users,createdBy,NVARCHAR(255),NO,YES,,,Internal IDTS business profile mapped to a platform identity on SAP BTP.,DonHV identity and assignment data,Project lifecycle or until an authorized business deletion applies.,db/schema.cds,Production-style cds build --production artifact idts.cap.Users.hdbtable; reconciled with sanitized live HANA metadata in hana-production-readback-20260803.md.
idts.cap.Users,idts_cap_Users,modifiedAt,TIMESTAMP,NO,YES,,,Internal IDTS business profile mapped to a platform identity on SAP BTP.,DonHV identity and assignment data,Project lifecycle or until an authorized business deletion applies.,db/schema.cds,Production-style cds build --production artifact idts.cap.Users.hdbtable; reconciled with sanitized live HANA metadata in hana-production-readback-20260803.md.
idts.cap.Users,idts_cap_Users,modifiedBy,NVARCHAR(255),NO,YES,,,Internal IDTS business profile mapped to a platform identity on SAP BTP.,DonHV identity and assignment data,Project lifecycle or until an authorized business deletion applies.,db/schema.cds,Production-style cds build --production artifact idts.cap.Users.hdbtable; reconciled with sanitized live HANA metadata in hana-production-readback-20260803.md.
idts.cap.Users,idts_cap_Users,displayName,NVARCHAR(120),NO,NO,,,Internal IDTS business profile mapped to a platform identity on SAP BTP.,DonHV identity and assignment data,Project lifecycle or until an authorized business deletion applies.,db/schema.cds,Production-style cds build --production artifact idts.cap.Users.hdbtable; reconciled with sanitized live HANA metadata in hana-production-readback-20260803.md.
idts.cap.Users,idts_cap_Users,email,NVARCHAR(255),NO,NO,,,Internal IDTS business profile mapped to a platform identity on SAP BTP.,DonHV identity and assignment data,Project lifecycle or until an authorized business deletion applies.,db/schema.cds,Production-style cds build --production artifact idts.cap.Users.hdbtable; reconciled with sanitized live HANA metadata in hana-production-readback-20260803.md.
idts.cap.Users,idts_cap_Users,role_code,NVARCHAR(40),NO,NO,,idts.cap.UserRoles.code,Internal IDTS business profile mapped to a platform identity on SAP BTP.,DonHV identity and assignment data,Project lifecycle or until an authorized business deletion applies.,db/schema.cds,Production-style cds build --production artifact idts.cap.Users.hdbtable; reconciled with sanitized live HANA metadata in hana-production-readback-20260803.md.
idts.cap.Users,idts_cap_Users,passwordHash,NVARCHAR(255),NO,YES,,,Internal IDTS business profile mapped to a platform identity on SAP BTP.,DonHV identity and assignment data,Project lifecycle or until an authorized business deletion applies.,db/schema.cds,Production-style cds build --production artifact idts.cap.Users.hdbtable; reconciled with sanitized live HANA metadata in hana-production-readback-20260803.md.
idts.cap.Users,idts_cap_Users,passwordChangedAt,TIMESTAMP,NO,YES,,,Internal IDTS business profile mapped to a platform identity on SAP BTP.,DonHV identity and assignment data,Project lifecycle or until an authorized business deletion applies.,db/schema.cds,Production-style cds build --production artifact idts.cap.Users.hdbtable; reconciled with sanitized live HANA metadata in hana-production-readback-20260803.md.
idts.cap.Users,idts_cap_Users,active,BOOLEAN,NO,YES,TRUE,,Internal IDTS business profile mapped to a platform identity on SAP BTP.,DonHV identity and assignment data,Project lifecycle or until an authorized business deletion applies.,db/schema.cds,Production-style cds build --production artifact idts.cap.Users.hdbtable; reconciled with sanitized live HANA metadata in hana-production-readback-20260803.md.
sap.attachments.ScanStates,sap_attachments_ScanStates,name,NVARCHAR(64),NO,YES,,,Attachment scan-state catalog supplied by @cap-js/attachments.,PM / DonHV master-data governance,Project lifecycle or until an authorized business deletion applies.,@cap-js/attachments/db/index.cds,Production-style cds build --production artifact sap.attachments.ScanStates.hdbtable; reconciled with sanitized live HANA metadata in hana-production-readback-20260803.md.
sap.attachments.ScanStates,sap_attachments_ScanStates,descr,NVARCHAR(1000),NO,YES,,,Attachment scan-state catalog supplied by @cap-js/attachments.,PM / DonHV master-data governance,Project lifecycle or until an authorized business deletion applies.,@cap-js/attachments/db/index.cds,Production-style cds build --production artifact sap.attachments.ScanStates.hdbtable; reconciled with sanitized live HANA metadata in hana-production-readback-20260803.md.
sap.attachments.ScanStates,sap_attachments_ScanStates,code,NVARCHAR(32),YES,NO,,,Attachment scan-state catalog supplied by @cap-js/attachments.,PM / DonHV master-data governance,Project lifecycle or until an authorized business deletion applies.,@cap-js/attachments/db/index.cds,Production-style cds build --production artifact sap.attachments.ScanStates.hdbtable; reconciled with sanitized live HANA metadata in hana-production-readback-20260803.md.
sap.attachments.ScanStates,sap_attachments_ScanStates,criticality,INTEGER,NO,YES,,,Attachment scan-state catalog supplied by @cap-js/attachments.,PM / DonHV master-data governance,Project lifecycle or until an authorized business deletion applies.,@cap-js/attachments/db/index.cds,Production-style cds build --production artifact sap.attachments.ScanStates.hdbtable; reconciled with sanitized live HANA metadata in hana-production-readback-20260803.md.
sap.attachments.ScanStates.texts,sap_attachments_ScanStates_texts,locale,NVARCHAR(14),YES,NO,,,Localized attachment scan-state texts supplied by @cap-js/attachments.,PM / DonHV master-data governance,Project lifecycle or until an authorized business deletion applies.,@cap-js/attachments/db/index.cds,Production-style cds build --production artifact sap.attachments.ScanStates_texts.hdbtable; reconciled with sanitized live HANA metadata in hana-production-readback-20260803.md.
sap.attachments.ScanStates.texts,sap_attachments_ScanStates_texts,name,NVARCHAR(64),NO,YES,,,Localized attachment scan-state texts supplied by @cap-js/attachments.,PM / DonHV master-data governance,Project lifecycle or until an authorized business deletion applies.,@cap-js/attachments/db/index.cds,Production-style cds build --production artifact sap.attachments.ScanStates_texts.hdbtable; reconciled with sanitized live HANA metadata in hana-production-readback-20260803.md.
sap.attachments.ScanStates.texts,sap_attachments_ScanStates_texts,descr,NVARCHAR(1000),NO,YES,,,Localized attachment scan-state texts supplied by @cap-js/attachments.,PM / DonHV master-data governance,Project lifecycle or until an authorized business deletion applies.,@cap-js/attachments/db/index.cds,Production-style cds build --production artifact sap.attachments.ScanStates_texts.hdbtable; reconciled with sanitized live HANA metadata in hana-production-readback-20260803.md.
sap.attachments.ScanStates.texts,sap_attachments_ScanStates_texts,code,NVARCHAR(32),YES,NO,,,Localized attachment scan-state texts supplied by @cap-js/attachments.,PM / DonHV master-data governance,Project lifecycle or until an authorized business deletion applies.,@cap-js/attachments/db/index.cds,Production-style cds build --production artifact sap.attachments.ScanStates_texts.hdbtable; reconciled with sanitized live HANA metadata in hana-production-readback-20260803.md.
